2026-06-10T00:01:03.013-05:00  INFO 20284 --- [backend] [main] c.e.backend.BackendApplicationTests      : Starting BackendApplicationTests using Java 21.0.11 with PID 20284 (started by Zogurf in C:\Users\Zogurf\Documents\UTP\Integrador\proyecto\Jair\proyecto_ceramica\backend)
2026-06-10T00:01:03.020-05:00 DEBUG 20284 --- [backend] [main] c.e.backend.BackendApplicationTests      : Running with Spring Boot v4.0.5, Spring v7.0.6
2026-06-10T00:01:03.021-05:00  INFO 20284 --- [backend] [main] c.e.backend.BackendApplicationTests      : No active profile set, falling back to 1 default profile: "default"
2026-06-10T00:01:03.575-05:00  INFO 20284 --- [backend] [main] .s.d.r.c.RepositoryConfigurationDelegate : Bootstrapping Spring Data JPA repositories in DEFAULT mode.
2026-06-10T00:01:03.627-05:00  INFO 20284 --- [backend] [main] .s.d.r.c.RepositoryConfigurationDelegate : Finished Spring Data repository scanning in 43 ms. Found 6 JPA repository interfaces.
2026-06-10T00:01:03.940-05:00  INFO 20284 --- [backend] [main] com.zaxxer.hikari.HikariDataSource       : HikariPool-1 - Starting...
2026-06-10T00:01:04.240-05:00  INFO 20284 --- [backend] [main] com.zaxxer.hikari.pool.HikariPool        : HikariPool-1 - Added connection com.mysql.cj.jdbc.ConnectionImpl@7ab33ca8
2026-06-10T00:01:04.261-05:00  INFO 20284 --- [backend] [main] com.zaxxer.hikari.HikariDataSource       : HikariPool-1 - Start completed.
2026-06-10T00:01:04.344-05:00  INFO 20284 --- [backend] [main] org.hibernate.orm.jpa                    : HHH008540: Processing PersistenceUnitInfo [name: default]
2026-06-10T00:01:04.405-05:00  INFO 20284 --- [backend] [main] org.hibernate.orm.core                   : HHH000001: Hibernate ORM core version 7.2.7.Final
2026-06-10T00:01:05.037-05:00  INFO 20284 --- [backend] [main] o.s.o.j.p.SpringPersistenceUnitInfo      : No LoadTimeWeaver setup: ignoring JPA class transformer
2026-06-10T00:01:05.156-05:00  INFO 20284 --- [backend] [main] org.hibernate.orm.connections.pooling    : HHH10001005: Database info:
	Database JDBC URL [jdbc:mysql://localhost:3306/ceramic_store_db?createDatabaseIfNotExist=true]
	Database driver: MySQL Connector/J
	Database dialect: MySQLDialect
	Database version: 8.0.45
	Default catalog/schema: ceramic_store_db/undefined
	Autocommit mode: undefined/unknown
	Isolation level: REPEATABLE_READ [default REPEATABLE_READ]
	JDBC fetch size: none
	Pool: DataSourceConnectionProvider
	Minimum pool size: undefined/unknown
	Maximum pool size: undefined/unknown
2026-06-10T00:01:06.030-05:00  INFO 20284 --- [backend] [main] org.hibernate.orm.core                   : HHH000489: No JTA platform available (set 'hibernate.transaction.jta.platform' to enable JTA platform integration)
2026-06-10T00:01:06.101-05:00  INFO 20284 --- [backend] [main] j.LocalContainerEntityManagerFactoryBean : Initialized JPA EntityManagerFactory for persistence unit 'default'
2026-06-10T00:01:06.183-05:00  INFO 20284 --- [backend] [main] o.s.d.j.r.query.QueryEnhancerFactories   : Hibernate is in classpath; If applicable, HQL parser will be used.
2026-06-10T00:01:06.461-05:00  INFO 20284 --- [backend] [main] eAuthenticationProviderManagerConfigurer : Global AuthenticationManager configured with AuthenticationProvider bean with name authenticationProvider
2026-06-10T00:01:06.462-05:00  WARN 20284 --- [backend] [main] r$InitializeUserDetailsManagerConfigurer : Global AuthenticationManager configured with an AuthenticationProvider bean. UserDetailsService beans will not be used by Spring Security for automatically configuring username/password login. Consider removing the AuthenticationProvider bean. Alternatively, consider using the UserDetailsService in a manually instantiated DaoAuthenticationProvider. If the current configuration is intentional, to turn off this warning, increase the logging level of 'org.springframework.security.config.annotation.authentication.configuration.InitializeUserDetailsBeanManagerConfigurer' to ERROR
2026-06-10T00:01:06.537-05:00  WARN 20284 --- [backend] [main] JpaBaseConfiguration$JpaWebConfiguration : spring.jpa.open-in-view is enabled by default. Therefore, database queries may be performed during view rendering. Explicitly configure spring.jpa.open-in-view to disable this warning
2026-06-10T00:01:07.153-05:00  INFO 20284 --- [backend] [main] c.e.backend.BackendApplicationTests      : Started BackendApplicationTests in 4.388 seconds (process running for 5.278)
2026-06-10T00:01:08.010-05:00  INFO 20284 --- [backend] [main] c.e.backend.services.ProductService      : Creando producto...
2026-06-10T00:01:08.012-05:00  INFO 20284 --- [backend] [main] c.e.backend.services.ProductService      : Producto creado con id: 1
2026-06-10T00:01:08.018-05:00  INFO 20284 --- [backend] [main] c.e.backend.services.ProductService      : Buscando producto con id 1
2026-06-10T00:01:08.019-05:00  INFO 20284 --- [backend] [main] c.e.backend.services.ProductService      : Producto acutalizado con id: 1
2026-06-10T00:01:08.028-05:00  INFO 20284 --- [backend] [main] c.e.backend.services.ProductService      : Buscando producto con id 1
2026-06-10T00:01:08.029-05:00  INFO 20284 --- [backend] [main] c.e.backend.services.ProductService      : Producto inactivo: 1
2026-06-10T00:01:08.062-05:00  INFO 20284 --- [backend] [SpringApplicationShutdownHook] j.LocalContainerEntityManagerFactoryBean : Closing JPA EntityManagerFactory for persistence unit 'default'
2026-06-10T00:01:08.067-05:00  INFO 20284 --- [backend] [SpringApplicationShutdownHook] com.zaxxer.hikari.HikariDataSource       : HikariPool-1 - Shutdown initiated...
2026-06-10T00:01:08.084-05:00  INFO 20284 --- [backend] [SpringApplicationShutdownHook] com.zaxxer.hikari.HikariDataSource       : HikariPool-1 - Shutdown completed.
2026-06-10T00:03:06.102-05:00  INFO 26100 --- [backend] [main] c.e.backend.BackendApplicationTests      : Starting BackendApplicationTests using Java 21.0.11 with PID 26100 (started by Zogurf in C:\Users\Zogurf\Documents\UTP\Integrador\proyecto\Jair\proyecto_ceramica\backend)
2026-06-10T00:03:06.104-05:00 DEBUG 26100 --- [backend] [main] c.e.backend.BackendApplicationTests      : Running with Spring Boot v4.0.5, Spring v7.0.6
2026-06-10T00:03:06.104-05:00  INFO 26100 --- [backend] [main] c.e.backend.BackendApplicationTests      : No active profile set, falling back to 1 default profile: "default"
2026-06-10T00:03:06.714-05:00  INFO 26100 --- [backend] [main] .s.d.r.c.RepositoryConfigurationDelegate : Bootstrapping Spring Data JPA repositories in DEFAULT mode.
2026-06-10T00:03:06.770-05:00  INFO 26100 --- [backend] [main] .s.d.r.c.RepositoryConfigurationDelegate : Finished Spring Data repository scanning in 48 ms. Found 6 JPA repository interfaces.
2026-06-10T00:03:07.104-05:00  INFO 26100 --- [backend] [main] com.zaxxer.hikari.HikariDataSource       : HikariPool-1 - Starting...
2026-06-10T00:03:07.419-05:00  INFO 26100 --- [backend] [main] com.zaxxer.hikari.pool.HikariPool        : HikariPool-1 - Added connection com.mysql.cj.jdbc.ConnectionImpl@ec5f944
2026-06-10T00:03:07.421-05:00  INFO 26100 --- [backend] [main] com.zaxxer.hikari.HikariDataSource       : HikariPool-1 - Start completed.
2026-06-10T00:03:07.510-05:00  INFO 26100 --- [backend] [main] org.hibernate.orm.jpa                    : HHH008540: Processing PersistenceUnitInfo [name: default]
2026-06-10T00:03:07.576-05:00  INFO 26100 --- [backend] [main] org.hibernate.orm.core                   : HHH000001: Hibernate ORM core version 7.2.7.Final
2026-06-10T00:03:08.092-05:00  INFO 26100 --- [backend] [main] o.s.o.j.p.SpringPersistenceUnitInfo      : No LoadTimeWeaver setup: ignoring JPA class transformer
2026-06-10T00:03:08.212-05:00  INFO 26100 --- [backend] [main] org.hibernate.orm.connections.pooling    : HHH10001005: Database info:
	Database JDBC URL [jdbc:mysql://localhost:3306/ceramic_store_db?createDatabaseIfNotExist=true]
	Database driver: MySQL Connector/J
	Database dialect: MySQLDialect
	Database version: 8.0.45
	Default catalog/schema: ceramic_store_db/undefined
	Autocommit mode: undefined/unknown
	Isolation level: REPEATABLE_READ [default REPEATABLE_READ]
	JDBC fetch size: none
	Pool: DataSourceConnectionProvider
	Minimum pool size: undefined/unknown
	Maximum pool size: undefined/unknown
2026-06-10T00:03:09.052-05:00  INFO 26100 --- [backend] [main] org.hibernate.orm.core                   : HHH000489: No JTA platform available (set 'hibernate.transaction.jta.platform' to enable JTA platform integration)
2026-06-10T00:03:09.124-05:00  INFO 26100 --- [backend] [main] j.LocalContainerEntityManagerFactoryBean : Initialized JPA EntityManagerFactory for persistence unit 'default'
2026-06-10T00:03:09.198-05:00  INFO 26100 --- [backend] [main] o.s.d.j.r.query.QueryEnhancerFactories   : Hibernate is in classpath; If applicable, HQL parser will be used.
2026-06-10T00:03:09.445-05:00  INFO 26100 --- [backend] [main] eAuthenticationProviderManagerConfigurer : Global AuthenticationManager configured with AuthenticationProvider bean with name authenticationProvider
2026-06-10T00:03:09.445-05:00  WARN 26100 --- [backend] [main] r$InitializeUserDetailsManagerConfigurer : Global AuthenticationManager configured with an AuthenticationProvider bean. UserDetailsService beans will not be used by Spring Security for automatically configuring username/password login. Consider removing the AuthenticationProvider bean. Alternatively, consider using the UserDetailsService in a manually instantiated DaoAuthenticationProvider. If the current configuration is intentional, to turn off this warning, increase the logging level of 'org.springframework.security.config.annotation.authentication.configuration.InitializeUserDetailsBeanManagerConfigurer' to ERROR
2026-06-10T00:03:09.510-05:00  WARN 26100 --- [backend] [main] JpaBaseConfiguration$JpaWebConfiguration : spring.jpa.open-in-view is enabled by default. Therefore, database queries may be performed during view rendering. Explicitly configure spring.jpa.open-in-view to disable this warning
2026-06-10T00:03:10.017-05:00  INFO 26100 --- [backend] [main] c.e.backend.BackendApplicationTests      : Started BackendApplicationTests in 4.169 seconds (process running for 5.088)
2026-06-10T00:03:10.770-05:00  INFO 26100 --- [backend] [main] c.e.backend.services.ProductService      : Creando producto...
2026-06-10T00:03:10.771-05:00  INFO 26100 --- [backend] [main] c.e.backend.services.ProductService      : Producto creado con id: 1
2026-06-10T00:03:10.780-05:00  INFO 26100 --- [backend] [main] c.e.backend.services.ProductService      : Buscando producto con id 1
2026-06-10T00:03:10.781-05:00  INFO 26100 --- [backend] [main] c.e.backend.services.ProductService      : Producto acutalizado con id: 1
2026-06-10T00:03:10.785-05:00  INFO 26100 --- [backend] [main] c.e.backend.services.ProductService      : Buscando producto con id 1
2026-06-10T00:03:10.786-05:00  INFO 26100 --- [backend] [main] c.e.backend.services.ProductService      : Producto inactivo: 1
2026-06-10T00:03:10.868-05:00  INFO 26100 --- [backend] [SpringApplicationShutdownHook] j.LocalContainerEntityManagerFactoryBean : Closing JPA EntityManagerFactory for persistence unit 'default'
2026-06-10T00:03:10.871-05:00  INFO 26100 --- [backend] [SpringApplicationShutdownHook] com.zaxxer.hikari.HikariDataSource       : HikariPool-1 - Shutdown initiated...
2026-06-10T00:03:10.881-05:00  INFO 26100 --- [backend] [SpringApplicationShutdownHook] com.zaxxer.hikari.HikariDataSource       : HikariPool-1 - Shutdown completed.
2026-06-10T00:11:47.408-05:00  INFO 17652 --- [backend] [main] c.e.backend.BackendApplicationTests      : Starting BackendApplicationTests using Java 21.0.11 with PID 17652 (started by Zogurf in C:\Users\Zogurf\Documents\UTP\Integrador\proyecto\Jair\proyecto_ceramica\backend)
2026-06-10T00:11:47.409-05:00 DEBUG 17652 --- [backend] [main] c.e.backend.BackendApplicationTests      : Running with Spring Boot v4.0.5, Spring v7.0.6
2026-06-10T00:11:47.410-05:00  INFO 17652 --- [backend] [main] c.e.backend.BackendApplicationTests      : No active profile set, falling back to 1 default profile: "default"
2026-06-10T00:11:48.001-05:00  INFO 17652 --- [backend] [main] .s.d.r.c.RepositoryConfigurationDelegate : Bootstrapping Spring Data JPA repositories in DEFAULT mode.
2026-06-10T00:11:48.055-05:00  INFO 17652 --- [backend] [main] .s.d.r.c.RepositoryConfigurationDelegate : Finished Spring Data repository scanning in 47 ms. Found 6 JPA repository interfaces.
2026-06-10T00:11:48.352-05:00  INFO 17652 --- [backend] [main] com.zaxxer.hikari.HikariDataSource       : HikariPool-1 - Starting...
2026-06-10T00:11:48.685-05:00  INFO 17652 --- [backend] [main] com.zaxxer.hikari.pool.HikariPool        : HikariPool-1 - Added connection com.mysql.cj.jdbc.ConnectionImpl@ec5f944
2026-06-10T00:11:48.687-05:00  INFO 17652 --- [backend] [main] com.zaxxer.hikari.HikariDataSource       : HikariPool-1 - Start completed.
2026-06-10T00:11:48.774-05:00  INFO 17652 --- [backend] [main] org.hibernate.orm.jpa                    : HHH008540: Processing PersistenceUnitInfo [name: default]
2026-06-10T00:11:48.845-05:00  INFO 17652 --- [backend] [main] org.hibernate.orm.core                   : HHH000001: Hibernate ORM core version 7.2.7.Final
2026-06-10T00:11:49.349-05:00  INFO 17652 --- [backend] [main] o.s.o.j.p.SpringPersistenceUnitInfo      : No LoadTimeWeaver setup: ignoring JPA class transformer
2026-06-10T00:11:49.439-05:00  INFO 17652 --- [backend] [main] org.hibernate.orm.connections.pooling    : HHH10001005: Database info:
	Database JDBC URL [jdbc:mysql://localhost:3306/ceramic_store_db?createDatabaseIfNotExist=true]
	Database driver: MySQL Connector/J
	Database dialect: MySQLDialect
	Database version: 8.0.45
	Default catalog/schema: ceramic_store_db/undefined
	Autocommit mode: undefined/unknown
	Isolation level: REPEATABLE_READ [default REPEATABLE_READ]
	JDBC fetch size: none
	Pool: DataSourceConnectionProvider
	Minimum pool size: undefined/unknown
	Maximum pool size: undefined/unknown
2026-06-10T00:11:50.250-05:00  INFO 17652 --- [backend] [main] org.hibernate.orm.core                   : HHH000489: No JTA platform available (set 'hibernate.transaction.jta.platform' to enable JTA platform integration)
2026-06-10T00:11:50.317-05:00  INFO 17652 --- [backend] [main] j.LocalContainerEntityManagerFactoryBean : Initialized JPA EntityManagerFactory for persistence unit 'default'
2026-06-10T00:11:50.380-05:00  INFO 17652 --- [backend] [main] o.s.d.j.r.query.QueryEnhancerFactories   : Hibernate is in classpath; If applicable, HQL parser will be used.
2026-06-10T00:11:50.643-05:00  INFO 17652 --- [backend] [main] eAuthenticationProviderManagerConfigurer : Global AuthenticationManager configured with AuthenticationProvider bean with name authenticationProvider
2026-06-10T00:11:50.644-05:00  WARN 17652 --- [backend] [main] r$InitializeUserDetailsManagerConfigurer : Global AuthenticationManager configured with an AuthenticationProvider bean. UserDetailsService beans will not be used by Spring Security for automatically configuring username/password login. Consider removing the AuthenticationProvider bean. Alternatively, consider using the UserDetailsService in a manually instantiated DaoAuthenticationProvider. If the current configuration is intentional, to turn off this warning, increase the logging level of 'org.springframework.security.config.annotation.authentication.configuration.InitializeUserDetailsBeanManagerConfigurer' to ERROR
2026-06-10T00:11:50.729-05:00  WARN 17652 --- [backend] [main] JpaBaseConfiguration$JpaWebConfiguration : spring.jpa.open-in-view is enabled by default. Therefore, database queries may be performed during view rendering. Explicitly configure spring.jpa.open-in-view to disable this warning
2026-06-10T00:11:51.281-05:00  INFO 17652 --- [backend] [main] c.e.backend.BackendApplicationTests      : Started BackendApplicationTests in 4.158 seconds (process running for 5.077)
2026-06-10T00:11:51.990-05:00  INFO 17652 --- [backend] [main] c.e.backend.services.ProductService      : Creando producto...
2026-06-10T00:11:51.991-05:00  INFO 17652 --- [backend] [main] c.e.backend.services.ProductService      : Producto creado con id: 1
2026-06-10T00:11:51.996-05:00  INFO 17652 --- [backend] [main] c.e.backend.services.ProductService      : Buscando producto con id 1
2026-06-10T00:11:51.998-05:00  INFO 17652 --- [backend] [main] c.e.backend.services.ProductService      : Producto acutalizado con id: 1
2026-06-10T00:11:52.003-05:00  INFO 17652 --- [backend] [main] c.e.backend.services.ProductService      : Buscando producto con id 1
2026-06-10T00:11:52.004-05:00  INFO 17652 --- [backend] [main] c.e.backend.services.ProductService      : Producto inactivo: 1
2026-06-10T00:11:52.031-05:00  INFO 17652 --- [backend] [SpringApplicationShutdownHook] j.LocalContainerEntityManagerFactoryBean : Closing JPA EntityManagerFactory for persistence unit 'default'
2026-06-10T00:11:52.035-05:00  INFO 17652 --- [backend] [SpringApplicationShutdownHook] com.zaxxer.hikari.HikariDataSource       : HikariPool-1 - Shutdown initiated...
2026-06-10T00:11:52.045-05:00  INFO 17652 --- [backend] [SpringApplicationShutdownHook] com.zaxxer.hikari.HikariDataSource       : HikariPool-1 - Shutdown completed.
2026-06-10T00:15:09.944-05:00  INFO 10852 --- [backend] [main] com.example.backend.BackendApplication   : Starting BackendApplication using Java 25.0.2 with PID 10852 (C:\Users\Zogurf\Documents\UTP\Integrador\proyecto\Jair\proyecto_ceramica\backend\target\classes started by Zogurf in C:\Users\Zogurf\Documents\UTP\Integrador\proyecto\Jair\proyecto_ceramica\backend)
2026-06-10T00:15:09.947-05:00 DEBUG 10852 --- [backend] [main] com.example.backend.BackendApplication   : Running with Spring Boot v4.0.5, Spring v7.0.6
2026-06-10T00:15:09.947-05:00  INFO 10852 --- [backend] [main] com.example.backend.BackendApplication   : No active profile set, falling back to 1 default profile: "default"
2026-06-10T00:15:10.773-05:00  INFO 10852 --- [backend] [main] .s.d.r.c.RepositoryConfigurationDelegate : Bootstrapping Spring Data JPA repositories in DEFAULT mode.
2026-06-10T00:15:10.816-05:00  INFO 10852 --- [backend] [main] .s.d.r.c.RepositoryConfigurationDelegate : Finished Spring Data repository scanning in 37 ms. Found 6 JPA repository interfaces.
2026-06-10T00:15:11.226-05:00  INFO 10852 --- [backend] [main] o.s.boot.tomcat.TomcatWebServer          : Tomcat initialized with port 8080 (http)
2026-06-10T00:15:11.245-05:00  INFO 10852 --- [backend] [main] o.apache.catalina.core.StandardService   : Starting service [Tomcat]
2026-06-10T00:15:11.245-05:00  INFO 10852 --- [backend] [main] o.apache.catalina.core.StandardEngine    : Starting Servlet engine: [Apache Tomcat/11.0.20]
2026-06-10T00:15:11.294-05:00  INFO 10852 --- [backend] [main] b.w.c.s.WebApplicationContextInitializer : Root WebApplicationContext: initialization completed in 1312 ms
2026-06-10T00:15:11.344-05:00  INFO 10852 --- [backend] [main] com.zaxxer.hikari.HikariDataSource       : HikariPool-1 - Starting...
2026-06-10T00:15:11.637-05:00  INFO 10852 --- [backend] [main] com.zaxxer.hikari.pool.HikariPool        : HikariPool-1 - Added connection com.mysql.cj.jdbc.ConnectionImpl@7caf1e5
2026-06-10T00:15:11.639-05:00  INFO 10852 --- [backend] [main] com.zaxxer.hikari.HikariDataSource       : HikariPool-1 - Start completed.
2026-06-10T00:15:11.692-05:00  INFO 10852 --- [backend] [main] org.hibernate.orm.jpa                    : HHH008540: Processing PersistenceUnitInfo [name: default]
2026-06-10T00:15:11.722-05:00  INFO 10852 --- [backend] [main] org.hibernate.orm.core                   : HHH000001: Hibernate ORM core version 7.2.7.Final
2026-06-10T00:15:12.024-05:00  INFO 10852 --- [backend] [main] o.s.o.j.p.SpringPersistenceUnitInfo      : No LoadTimeWeaver setup: ignoring JPA class transformer
2026-06-10T00:15:12.098-05:00  INFO 10852 --- [backend] [main] org.hibernate.orm.connections.pooling    : HHH10001005: Database info:
	Database JDBC URL [jdbc:mysql://localhost:3306/ceramic_store_db?createDatabaseIfNotExist=true]
	Database driver: MySQL Connector/J
	Database dialect: MySQLDialect
	Database version: 8.0.45
	Default catalog/schema: ceramic_store_db/undefined
	Autocommit mode: undefined/unknown
	Isolation level: REPEATABLE_READ [default REPEATABLE_READ]
	JDBC fetch size: none
	Pool: DataSourceConnectionProvider
	Minimum pool size: undefined/unknown
	Maximum pool size: undefined/unknown
2026-06-10T00:15:12.801-05:00  INFO 10852 --- [backend] [main] org.hibernate.orm.core                   : HHH000489: No JTA platform available (set 'hibernate.transaction.jta.platform' to enable JTA platform integration)
2026-06-10T00:15:12.861-05:00  INFO 10852 --- [backend] [main] j.LocalContainerEntityManagerFactoryBean : Initialized JPA EntityManagerFactory for persistence unit 'default'
2026-06-10T00:15:12.898-05:00  INFO 10852 --- [backend] [main] o.s.d.j.r.query.QueryEnhancerFactories   : Hibernate is in classpath; If applicable, HQL parser will be used.
2026-06-10T00:15:13.022-05:00 DEBUG 10852 --- [backend] [main] c.e.b.config.JwtAuthenticationFilter     : Filter 'jwtAuthenticationFilter' configured for use
2026-06-10T00:15:13.113-05:00  INFO 10852 --- [backend] [main] eAuthenticationProviderManagerConfigurer : Global AuthenticationManager configured with AuthenticationProvider bean with name authenticationProvider
2026-06-10T00:15:13.113-05:00  WARN 10852 --- [backend] [main] r$InitializeUserDetailsManagerConfigurer : Global AuthenticationManager configured with an AuthenticationProvider bean. UserDetailsService beans will not be used by Spring Security for automatically configuring username/password login. Consider removing the AuthenticationProvider bean. Alternatively, consider using the UserDetailsService in a manually instantiated DaoAuthenticationProvider. If the current configuration is intentional, to turn off this warning, increase the logging level of 'org.springframework.security.config.annotation.authentication.configuration.InitializeUserDetailsBeanManagerConfigurer' to ERROR
2026-06-10T00:15:13.155-05:00  WARN 10852 --- [backend] [main] JpaBaseConfiguration$JpaWebConfiguration : spring.jpa.open-in-view is enabled by default. Therefore, database queries may be performed during view rendering. Explicitly configure spring.jpa.open-in-view to disable this warning
2026-06-10T00:15:13.480-05:00  INFO 10852 --- [backend] [main] o.s.boot.tomcat.TomcatWebServer          : Tomcat started on port 8080 (http) with context path '/'
2026-06-10T00:15:13.484-05:00  INFO 10852 --- [backend] [main] com.example.backend.BackendApplication   : Started BackendApplication in 3.833 seconds (process running for 4.95)
2026-06-10T00:17:15.019-05:00  INFO 10852 --- [backend] [http-nio-8080-exec-1] o.a.c.c.C.[Tomcat].[localhost].[/]       : Initializing Spring DispatcherServlet 'dispatcherServlet'
2026-06-10T00:17:15.019-05:00  INFO 10852 --- [backend] [http-nio-8080-exec-1] o.s.web.servlet.DispatcherServlet        : Initializing Servlet 'dispatcherServlet'
2026-06-10T00:17:15.020-05:00  INFO 10852 --- [backend] [http-nio-8080-exec-1] o.s.web.servlet.DispatcherServlet        : Completed initialization in 1 ms
2026-06-10T00:17:21.686-05:00  INFO 10852 --- [backend] [http-nio-8080-exec-5] c.e.backend.services.ProductService      : Buscando producto id 1
2026-06-10T00:17:21.720-05:00  INFO 10852 --- [backend] [http-nio-8080-exec-5] c.e.backend.services.ProductService      : Producto encontrado: Loro
2026-06-10T00:17:21.782-05:00  INFO 10852 --- [backend] [http-nio-8080-exec-6] c.e.backend.services.ProductService      : Buscando producto id 1
2026-06-10T00:17:21.789-05:00  INFO 10852 --- [backend] [http-nio-8080-exec-6] c.e.backend.services.ProductService      : Producto encontrado: Loro
2026-06-10T00:42:28.441-05:00  INFO 21228 --- [backend] [main] c.e.backend.BackendApplicationTests      : Starting BackendApplicationTests using Java 21.0.11 with PID 21228 (started by Zogurf in C:\Users\Zogurf\Documents\UTP\Integrador\proyecto\Jair\proyecto_ceramica\backend)
2026-06-10T00:42:28.442-05:00 DEBUG 21228 --- [backend] [main] c.e.backend.BackendApplicationTests      : Running with Spring Boot v4.0.5, Spring v7.0.6
2026-06-10T00:42:28.443-05:00  INFO 21228 --- [backend] [main] c.e.backend.BackendApplicationTests      : No active profile set, falling back to 1 default profile: "default"
2026-06-10T00:42:29.030-05:00  INFO 21228 --- [backend] [main] .s.d.r.c.RepositoryConfigurationDelegate : Bootstrapping Spring Data JPA repositories in DEFAULT mode.
2026-06-10T00:42:29.089-05:00  INFO 21228 --- [backend] [main] .s.d.r.c.RepositoryConfigurationDelegate : Finished Spring Data repository scanning in 51 ms. Found 6 JPA repository interfaces.
2026-06-10T00:42:29.416-05:00  INFO 21228 --- [backend] [main] com.zaxxer.hikari.HikariDataSource       : HikariPool-1 - Starting...
2026-06-10T00:42:29.737-05:00  INFO 21228 --- [backend] [main] com.zaxxer.hikari.pool.HikariPool        : HikariPool-1 - Added connection com.mysql.cj.jdbc.ConnectionImpl@ec5f944
2026-06-10T00:42:29.739-05:00  INFO 21228 --- [backend] [main] com.zaxxer.hikari.HikariDataSource       : HikariPool-1 - Start completed.
2026-06-10T00:42:29.827-05:00  INFO 21228 --- [backend] [main] org.hibernate.orm.jpa                    : HHH008540: Processing PersistenceUnitInfo [name: default]
2026-06-10T00:42:29.920-05:00  INFO 21228 --- [backend] [main] org.hibernate.orm.core                   : HHH000001: Hibernate ORM core version 7.2.7.Final
2026-06-10T00:42:30.455-05:00  INFO 21228 --- [backend] [main] o.s.o.j.p.SpringPersistenceUnitInfo      : No LoadTimeWeaver setup: ignoring JPA class transformer
2026-06-10T00:42:30.564-05:00  INFO 21228 --- [backend] [main] org.hibernate.orm.connections.pooling    : HHH10001005: Database info:
	Database JDBC URL [jdbc:mysql://localhost:3306/ceramic_store_db?createDatabaseIfNotExist=true]
	Database driver: MySQL Connector/J
	Database dialect: MySQLDialect
	Database version: 8.0.45
	Default catalog/schema: ceramic_store_db/undefined
	Autocommit mode: undefined/unknown
	Isolation level: REPEATABLE_READ [default REPEATABLE_READ]
	JDBC fetch size: none
	Pool: DataSourceConnectionProvider
	Minimum pool size: undefined/unknown
	Maximum pool size: undefined/unknown
2026-06-10T00:42:31.388-05:00  INFO 21228 --- [backend] [main] org.hibernate.orm.core                   : HHH000489: No JTA platform available (set 'hibernate.transaction.jta.platform' to enable JTA platform integration)
2026-06-10T00:42:31.456-05:00  INFO 21228 --- [backend] [main] j.LocalContainerEntityManagerFactoryBean : Initialized JPA EntityManagerFactory for persistence unit 'default'
2026-06-10T00:42:31.525-05:00  INFO 21228 --- [backend] [main] o.s.d.j.r.query.QueryEnhancerFactories   : Hibernate is in classpath; If applicable, HQL parser will be used.
2026-06-10T00:42:31.780-05:00  INFO 21228 --- [backend] [main] eAuthenticationProviderManagerConfigurer : Global AuthenticationManager configured with AuthenticationProvider bean with name authenticationProvider
2026-06-10T00:42:31.780-05:00  WARN 21228 --- [backend] [main] r$InitializeUserDetailsManagerConfigurer : Global AuthenticationManager configured with an AuthenticationProvider bean. UserDetailsService beans will not be used by Spring Security for automatically configuring username/password login. Consider removing the AuthenticationProvider bean. Alternatively, consider using the UserDetailsService in a manually instantiated DaoAuthenticationProvider. If the current configuration is intentional, to turn off this warning, increase the logging level of 'org.springframework.security.config.annotation.authentication.configuration.InitializeUserDetailsBeanManagerConfigurer' to ERROR
2026-06-10T00:42:31.854-05:00  WARN 21228 --- [backend] [main] JpaBaseConfiguration$JpaWebConfiguration : spring.jpa.open-in-view is enabled by default. Therefore, database queries may be performed during view rendering. Explicitly configure spring.jpa.open-in-view to disable this warning
2026-06-10T00:42:32.376-05:00  INFO 21228 --- [backend] [main] c.e.backend.BackendApplicationTests      : Started BackendApplicationTests in 4.191 seconds (process running for 5.07)
2026-06-10T00:42:33.102-05:00  INFO 21228 --- [backend] [main] c.e.backend.services.ProductService      : Creando producto...
2026-06-10T00:42:33.103-05:00  INFO 21228 --- [backend] [main] c.e.backend.services.ProductService      : Producto creado con id: 1
2026-06-10T00:42:33.108-05:00  INFO 21228 --- [backend] [main] c.e.backend.services.ProductService      : Buscando producto con id 1
2026-06-10T00:42:33.109-05:00  INFO 21228 --- [backend] [main] c.e.backend.services.ProductService      : Producto acutalizado con id: 1
2026-06-10T00:42:33.113-05:00  INFO 21228 --- [backend] [main] c.e.backend.services.ProductService      : Buscando producto con id 1
2026-06-10T00:42:33.114-05:00  INFO 21228 --- [backend] [main] c.e.backend.services.ProductService      : Producto inactivo: 1
2026-06-10T00:42:33.164-05:00  INFO 21228 --- [backend] [SpringApplicationShutdownHook] j.LocalContainerEntityManagerFactoryBean : Closing JPA EntityManagerFactory for persistence unit 'default'
2026-06-10T00:42:33.168-05:00  INFO 21228 --- [backend] [SpringApplicationShutdownHook] com.zaxxer.hikari.HikariDataSource       : HikariPool-1 - Shutdown initiated...
2026-06-10T00:42:33.179-05:00  INFO 21228 --- [backend] [SpringApplicationShutdownHook] com.zaxxer.hikari.HikariDataSource       : HikariPool-1 - Shutdown completed.
2026-06-10T00:46:31.847-05:00  INFO 10852 --- [backend] [SpringApplicationShutdownHook] o.s.boot.tomcat.GracefulShutdown         : Commencing graceful shutdown. Waiting for active requests to complete
2026-06-10T00:46:31.851-05:00  INFO 10852 --- [backend] [tomcat-shutdown] o.s.boot.tomcat.GracefulShutdown         : Graceful shutdown complete
2026-06-10T00:46:31.853-05:00  INFO 10852 --- [backend] [SpringApplicationShutdownHook] j.LocalContainerEntityManagerFactoryBean : Closing JPA EntityManagerFactory for persistence unit 'default'
2026-06-10T00:46:31.855-05:00  INFO 10852 --- [backend] [SpringApplicationShutdownHook] com.zaxxer.hikari.HikariDataSource       : HikariPool-1 - Shutdown initiated...
2026-06-10T00:46:31.859-05:00  INFO 10852 --- [backend] [SpringApplicationShutdownHook] com.zaxxer.hikari.HikariDataSource       : HikariPool-1 - Shutdown completed.
2026-06-10T00:46:34.695-05:00  INFO 19288 --- [backend] [main] com.example.backend.BackendApplication   : Starting BackendApplication using Java 25.0.2 with PID 19288 (C:\Users\Zogurf\Documents\UTP\Integrador\proyecto\Jair\proyecto_ceramica\backend\target\classes started by Zogurf in C:\Users\Zogurf\Documents\UTP\Integrador\proyecto\Jair\proyecto_ceramica\backend)
2026-06-10T00:46:34.697-05:00 DEBUG 19288 --- [backend] [main] com.example.backend.BackendApplication   : Running with Spring Boot v4.0.5, Spring v7.0.6
2026-06-10T00:46:34.697-05:00  INFO 19288 --- [backend] [main] com.example.backend.BackendApplication   : No active profile set, falling back to 1 default profile: "default"
2026-06-10T00:46:35.275-05:00  INFO 19288 --- [backend] [main] .s.d.r.c.RepositoryConfigurationDelegate : Bootstrapping Spring Data JPA repositories in DEFAULT mode.
2026-06-10T00:46:35.317-05:00  INFO 19288 --- [backend] [main] .s.d.r.c.RepositoryConfigurationDelegate : Finished Spring Data repository scanning in 37 ms. Found 6 JPA repository interfaces.
2026-06-10T00:46:35.603-05:00  INFO 19288 --- [backend] [main] o.s.boot.tomcat.TomcatWebServer          : Tomcat initialized with port 8080 (http)
2026-06-10T00:46:35.611-05:00  INFO 19288 --- [backend] [main] o.apache.catalina.core.StandardService   : Starting service [Tomcat]
2026-06-10T00:46:35.611-05:00  INFO 19288 --- [backend] [main] o.apache.catalina.core.StandardEngine    : Starting Servlet engine: [Apache Tomcat/11.0.20]
2026-06-10T00:46:35.644-05:00  INFO 19288 --- [backend] [main] b.w.c.s.WebApplicationContextInitializer : Root WebApplicationContext: initialization completed in 913 ms
2026-06-10T00:46:35.676-05:00  INFO 19288 --- [backend] [main] com.zaxxer.hikari.HikariDataSource       : HikariPool-1 - Starting...
2026-06-10T00:46:35.915-05:00  INFO 19288 --- [backend] [main] com.zaxxer.hikari.pool.HikariPool        : HikariPool-1 - Added connection com.mysql.cj.jdbc.ConnectionImpl@370c7cc5
2026-06-10T00:46:35.917-05:00  INFO 19288 --- [backend] [main] com.zaxxer.hikari.HikariDataSource       : HikariPool-1 - Start completed.
2026-06-10T00:46:35.980-05:00  INFO 19288 --- [backend] [main] org.hibernate.orm.jpa                    : HHH008540: Processing PersistenceUnitInfo [name: default]
2026-06-10T00:46:36.014-05:00  INFO 19288 --- [backend] [main] org.hibernate.orm.core                   : HHH000001: Hibernate ORM core version 7.2.7.Final
2026-06-10T00:46:36.341-05:00  INFO 19288 --- [backend] [main] o.s.o.j.p.SpringPersistenceUnitInfo      : No LoadTimeWeaver setup: ignoring JPA class transformer
2026-06-10T00:46:36.411-05:00  INFO 19288 --- [backend] [main] org.hibernate.orm.connections.pooling    : HHH10001005: Database info:
	Database JDBC URL [jdbc:mysql://localhost:3306/ceramic_store_db?createDatabaseIfNotExist=true]
	Database driver: MySQL Connector/J
	Database dialect: MySQLDialect
	Database version: 8.0.45
	Default catalog/schema: ceramic_store_db/undefined
	Autocommit mode: undefined/unknown
	Isolation level: REPEATABLE_READ [default REPEATABLE_READ]
	JDBC fetch size: none
	Pool: DataSourceConnectionProvider
	Minimum pool size: undefined/unknown
	Maximum pool size: undefined/unknown
2026-06-10T00:46:37.084-05:00  INFO 19288 --- [backend] [main] org.hibernate.orm.core                   : HHH000489: No JTA platform available (set 'hibernate.transaction.jta.platform' to enable JTA platform integration)
2026-06-10T00:46:37.142-05:00  INFO 19288 --- [backend] [main] j.LocalContainerEntityManagerFactoryBean : Initialized JPA EntityManagerFactory for persistence unit 'default'
2026-06-10T00:46:37.175-05:00  INFO 19288 --- [backend] [main] o.s.d.j.r.query.QueryEnhancerFactories   : Hibernate is in classpath; If applicable, HQL parser will be used.
2026-06-10T00:46:37.289-05:00 DEBUG 19288 --- [backend] [main] c.e.b.config.JwtAuthenticationFilter     : Filter 'jwtAuthenticationFilter' configured for use
2026-06-10T00:46:37.382-05:00  INFO 19288 --- [backend] [main] eAuthenticationProviderManagerConfigurer : Global AuthenticationManager configured with AuthenticationProvider bean with name authenticationProvider
2026-06-10T00:46:37.382-05:00  WARN 19288 --- [backend] [main] r$InitializeUserDetailsManagerConfigurer : Global AuthenticationManager configured with an AuthenticationProvider bean. UserDetailsService beans will not be used by Spring Security for automatically configuring username/password login. Consider removing the AuthenticationProvider bean. Alternatively, consider using the UserDetailsService in a manually instantiated DaoAuthenticationProvider. If the current configuration is intentional, to turn off this warning, increase the logging level of 'org.springframework.security.config.annotation.authentication.configuration.InitializeUserDetailsBeanManagerConfigurer' to ERROR
2026-06-10T00:46:37.425-05:00  WARN 19288 --- [backend] [main] JpaBaseConfiguration$JpaWebConfiguration : spring.jpa.open-in-view is enabled by default. Therefore, database queries may be performed during view rendering. Explicitly configure spring.jpa.open-in-view to disable this warning
2026-06-10T00:46:37.697-05:00  INFO 19288 --- [backend] [main] o.s.boot.tomcat.TomcatWebServer          : Tomcat started on port 8080 (http) with context path '/'
2026-06-10T00:46:37.701-05:00  INFO 19288 --- [backend] [main] com.example.backend.BackendApplication   : Started BackendApplication in 3.348 seconds (process running for 3.804)
2026-06-10T00:46:40.649-05:00  INFO 19288 --- [backend] [http-nio-8080-exec-1] o.a.c.c.C.[Tomcat].[localhost].[/]       : Initializing Spring DispatcherServlet 'dispatcherServlet'
2026-06-10T00:46:40.649-05:00  INFO 19288 --- [backend] [http-nio-8080-exec-1] o.s.web.servlet.DispatcherServlet        : Initializing Servlet 'dispatcherServlet'
2026-06-10T00:46:40.650-05:00  INFO 19288 --- [backend] [http-nio-8080-exec-1] o.s.web.servlet.DispatcherServlet        : Completed initialization in 1 ms
2026-06-10T00:46:51.405-05:00  INFO 19288 --- [backend] [http-nio-8080-exec-4] c.e.backend.services.ProductService      : Buscando producto con id 1
2026-06-10T00:46:51.435-05:00  INFO 19288 --- [backend] [http-nio-8080-exec-4] c.e.backend.services.ProductService      : Producto acutalizado con id: 1
2026-06-10T00:47:31.876-05:00  INFO 19288 --- [backend] [SpringApplicationShutdownHook] o.s.boot.tomcat.GracefulShutdown         : Commencing graceful shutdown. Waiting for active requests to complete
2026-06-10T00:47:31.880-05:00  INFO 19288 --- [backend] [tomcat-shutdown] o.s.boot.tomcat.GracefulShutdown         : Graceful shutdown complete
2026-06-10T00:47:31.883-05:00  INFO 19288 --- [backend] [SpringApplicationShutdownHook] j.LocalContainerEntityManagerFactoryBean : Closing JPA EntityManagerFactory for persistence unit 'default'
2026-06-10T00:47:31.885-05:00  INFO 19288 --- [backend] [SpringApplicationShutdownHook] com.zaxxer.hikari.HikariDataSource       : HikariPool-1 - Shutdown initiated...
2026-06-10T00:47:31.888-05:00  INFO 19288 --- [backend] [SpringApplicationShutdownHook] com.zaxxer.hikari.HikariDataSource       : HikariPool-1 - Shutdown completed.
2026-06-10T00:48:49.742-05:00  INFO 11004 --- [backend] [main] c.e.backend.BackendApplicationTests      : Starting BackendApplicationTests using Java 21.0.11 with PID 11004 (started by Zogurf in C:\Users\Zogurf\Documents\UTP\Integrador\proyecto\Jair\proyecto_ceramica\backend)
2026-06-10T00:48:49.743-05:00 DEBUG 11004 --- [backend] [main] c.e.backend.BackendApplicationTests      : Running with Spring Boot v4.0.5, Spring v7.0.6
2026-06-10T00:48:49.744-05:00  INFO 11004 --- [backend] [main] c.e.backend.BackendApplicationTests      : No active profile set, falling back to 1 default profile: "default"
2026-06-10T00:48:50.305-05:00  INFO 11004 --- [backend] [main] .s.d.r.c.RepositoryConfigurationDelegate : Bootstrapping Spring Data JPA repositories in DEFAULT mode.
2026-06-10T00:48:50.356-05:00  INFO 11004 --- [backend] [main] .s.d.r.c.RepositoryConfigurationDelegate : Finished Spring Data repository scanning in 41 ms. Found 6 JPA repository interfaces.
2026-06-10T00:48:50.658-05:00  INFO 11004 --- [backend] [main] com.zaxxer.hikari.HikariDataSource       : HikariPool-1 - Starting...
2026-06-10T00:48:50.986-05:00  INFO 11004 --- [backend] [main] com.zaxxer.hikari.pool.HikariPool        : HikariPool-1 - Added connection com.mysql.cj.jdbc.ConnectionImpl@ec5f944
2026-06-10T00:48:50.987-05:00  INFO 11004 --- [backend] [main] com.zaxxer.hikari.HikariDataSource       : HikariPool-1 - Start completed.
2026-06-10T00:48:51.080-05:00  INFO 11004 --- [backend] [main] org.hibernate.orm.jpa                    : HHH008540: Processing PersistenceUnitInfo [name: default]
2026-06-10T00:48:51.142-05:00  INFO 11004 --- [backend] [main] org.hibernate.orm.core                   : HHH000001: Hibernate ORM core version 7.2.7.Final
2026-06-10T00:48:51.646-05:00  INFO 11004 --- [backend] [main] o.s.o.j.p.SpringPersistenceUnitInfo      : No LoadTimeWeaver setup: ignoring JPA class transformer
2026-06-10T00:48:51.734-05:00  INFO 11004 --- [backend] [main] org.hibernate.orm.connections.pooling    : HHH10001005: Database info:
	Database JDBC URL [jdbc:mysql://localhost:3306/ceramic_store_db?createDatabaseIfNotExist=true]
	Database driver: MySQL Connector/J
	Database dialect: MySQLDialect
	Database version: 8.0.45
	Default catalog/schema: ceramic_store_db/undefined
	Autocommit mode: undefined/unknown
	Isolation level: REPEATABLE_READ [default REPEATABLE_READ]
	JDBC fetch size: none
	Pool: DataSourceConnectionProvider
	Minimum pool size: undefined/unknown
	Maximum pool size: undefined/unknown
2026-06-10T00:48:52.547-05:00  INFO 11004 --- [backend] [main] org.hibernate.orm.core                   : HHH000489: No JTA platform available (set 'hibernate.transaction.jta.platform' to enable JTA platform integration)
2026-06-10T00:48:52.616-05:00  INFO 11004 --- [backend] [main] j.LocalContainerEntityManagerFactoryBean : Initialized JPA EntityManagerFactory for persistence unit 'default'
2026-06-10T00:48:52.686-05:00  INFO 11004 --- [backend] [main] o.s.d.j.r.query.QueryEnhancerFactories   : Hibernate is in classpath; If applicable, HQL parser will be used.
2026-06-10T00:48:52.985-05:00  INFO 11004 --- [backend] [main] eAuthenticationProviderManagerConfigurer : Global AuthenticationManager configured with AuthenticationProvider bean with name authenticationProvider
2026-06-10T00:48:52.985-05:00  WARN 11004 --- [backend] [main] r$InitializeUserDetailsManagerConfigurer : Global AuthenticationManager configured with an AuthenticationProvider bean. UserDetailsService beans will not be used by Spring Security for automatically configuring username/password login. Consider removing the AuthenticationProvider bean. Alternatively, consider using the UserDetailsService in a manually instantiated DaoAuthenticationProvider. If the current configuration is intentional, to turn off this warning, increase the logging level of 'org.springframework.security.config.annotation.authentication.configuration.InitializeUserDetailsBeanManagerConfigurer' to ERROR
2026-06-10T00:48:53.064-05:00  WARN 11004 --- [backend] [main] JpaBaseConfiguration$JpaWebConfiguration : spring.jpa.open-in-view is enabled by default. Therefore, database queries may be performed during view rendering. Explicitly configure spring.jpa.open-in-view to disable this warning
2026-06-10T00:48:53.566-05:00  INFO 11004 --- [backend] [main] c.e.backend.BackendApplicationTests      : Started BackendApplicationTests in 4.144 seconds (process running for 5.056)
2026-06-10T00:48:54.230-05:00  INFO 11004 --- [backend] [main] c.e.backend.services.ProductService      : Creando producto...
2026-06-10T00:48:54.231-05:00  INFO 11004 --- [backend] [main] c.e.backend.services.ProductService      : Producto creado con id: 1
2026-06-10T00:48:54.236-05:00  INFO 11004 --- [backend] [main] c.e.backend.services.ProductService      : Buscando producto con id 1
2026-06-10T00:48:54.237-05:00  INFO 11004 --- [backend] [main] c.e.backend.services.ProductService      : Producto acutalizado con id: 1
2026-06-10T00:48:54.240-05:00  INFO 11004 --- [backend] [main] c.e.backend.services.ProductService      : Buscando producto con id 1
2026-06-10T00:48:54.241-05:00  INFO 11004 --- [backend] [main] c.e.backend.services.ProductService      : Producto inactivo: 1
2026-06-10T00:48:54.302-05:00  INFO 11004 --- [backend] [SpringApplicationShutdownHook] j.LocalContainerEntityManagerFactoryBean : Closing JPA EntityManagerFactory for persistence unit 'default'
2026-06-10T00:48:54.306-05:00  INFO 11004 --- [backend] [SpringApplicationShutdownHook] com.zaxxer.hikari.HikariDataSource       : HikariPool-1 - Shutdown initiated...
2026-06-10T00:48:54.319-05:00  INFO 11004 --- [backend] [SpringApplicationShutdownHook] com.zaxxer.hikari.HikariDataSource       : HikariPool-1 - Shutdown completed.
2026-06-10T15:59:11.527-05:00  INFO 33684 --- [backend] [main] c.e.backend.BackendApplicationTests      : Starting BackendApplicationTests using Java 21.0.11 with PID 33684 (started by Zogurf in C:\Users\Zogurf\Documents\UTP\Integrador\proyecto\Jair\proyecto_ceramica\backend)
2026-06-10T15:59:11.528-05:00 DEBUG 33684 --- [backend] [main] c.e.backend.BackendApplicationTests      : Running with Spring Boot v4.0.5, Spring v7.0.6
2026-06-10T15:59:11.528-05:00  INFO 33684 --- [backend] [main] c.e.backend.BackendApplicationTests      : No active profile set, falling back to 1 default profile: "default"
2026-06-10T15:59:12.174-05:00  INFO 33684 --- [backend] [main] .s.d.r.c.RepositoryConfigurationDelegate : Bootstrapping Spring Data JPA repositories in DEFAULT mode.
2026-06-10T15:59:12.239-05:00  INFO 33684 --- [backend] [main] .s.d.r.c.RepositoryConfigurationDelegate : Finished Spring Data repository scanning in 55 ms. Found 6 JPA repository interfaces.
2026-06-10T15:59:12.592-05:00  INFO 33684 --- [backend] [main] com.zaxxer.hikari.HikariDataSource       : HikariPool-1 - Starting...
2026-06-10T15:59:13.005-05:00  INFO 33684 --- [backend] [main] com.zaxxer.hikari.pool.HikariPool        : HikariPool-1 - Added connection com.mysql.cj.jdbc.ConnectionImpl@5b4954b2
2026-06-10T15:59:13.006-05:00  INFO 33684 --- [backend] [main] com.zaxxer.hikari.HikariDataSource       : HikariPool-1 - Start completed.
2026-06-10T15:59:13.119-05:00  INFO 33684 --- [backend] [main] org.hibernate.orm.jpa                    : HHH008540: Processing PersistenceUnitInfo [name: default]
2026-06-10T15:59:13.218-05:00  INFO 33684 --- [backend] [main] org.hibernate.orm.core                   : HHH000001: Hibernate ORM core version 7.2.7.Final
2026-06-10T15:59:13.764-05:00  INFO 33684 --- [backend] [main] o.s.o.j.p.SpringPersistenceUnitInfo      : No LoadTimeWeaver setup: ignoring JPA class transformer
2026-06-10T15:59:13.864-05:00  INFO 33684 --- [backend] [main] org.hibernate.orm.connections.pooling    : HHH10001005: Database info:
	Database JDBC URL [jdbc:mysql://localhost:3306/ceramic_store_db?createDatabaseIfNotExist=true]
	Database driver: MySQL Connector/J
	Database dialect: MySQLDialect
	Database version: 8.0.45
	Default catalog/schema: ceramic_store_db/undefined
	Autocommit mode: undefined/unknown
	Isolation level: REPEATABLE_READ [default REPEATABLE_READ]
	JDBC fetch size: none
	Pool: DataSourceConnectionProvider
	Minimum pool size: undefined/unknown
	Maximum pool size: undefined/unknown
2026-06-10T15:59:14.762-05:00  INFO 33684 --- [backend] [main] org.hibernate.orm.core                   : HHH000489: No JTA platform available (set 'hibernate.transaction.jta.platform' to enable JTA platform integration)
2026-06-10T15:59:14.838-05:00  INFO 33684 --- [backend] [main] j.LocalContainerEntityManagerFactoryBean : Initialized JPA EntityManagerFactory for persistence unit 'default'
2026-06-10T15:59:15.024-05:00  INFO 33684 --- [backend] [main] o.s.d.j.r.query.QueryEnhancerFactories   : Hibernate is in classpath; If applicable, HQL parser will be used.
2026-06-10T15:59:15.326-05:00  INFO 33684 --- [backend] [main] eAuthenticationProviderManagerConfigurer : Global AuthenticationManager configured with AuthenticationProvider bean with name authenticationProvider
2026-06-10T15:59:15.326-05:00  WARN 33684 --- [backend] [main] r$InitializeUserDetailsManagerConfigurer : Global AuthenticationManager configured with an AuthenticationProvider bean. UserDetailsService beans will not be used by Spring Security for automatically configuring username/password login. Consider removing the AuthenticationProvider bean. Alternatively, consider using the UserDetailsService in a manually instantiated DaoAuthenticationProvider. If the current configuration is intentional, to turn off this warning, increase the logging level of 'org.springframework.security.config.annotation.authentication.configuration.InitializeUserDetailsBeanManagerConfigurer' to ERROR
2026-06-10T15:59:15.416-05:00  WARN 33684 --- [backend] [main] JpaBaseConfiguration$JpaWebConfiguration : spring.jpa.open-in-view is enabled by default. Therefore, database queries may be performed during view rendering. Explicitly configure spring.jpa.open-in-view to disable this warning
2026-06-10T15:59:16.024-05:00  INFO 33684 --- [backend] [main] c.e.backend.BackendApplicationTests      : Started BackendApplicationTests in 4.77 seconds (process running for 5.934)
2026-06-10T15:59:16.752-05:00  INFO 33684 --- [backend] [main] c.e.backend.services.ProductService      : Buscando producto con id 1
2026-06-10T15:59:16.753-05:00  INFO 33684 --- [backend] [main] c.e.backend.services.ProductService      : Producto inactivo: 1
2026-06-10T15:59:16.758-05:00  INFO 33684 --- [backend] [main] c.e.backend.services.ProductService      : Creando producto...
2026-06-10T15:59:16.759-05:00  INFO 33684 --- [backend] [main] c.e.backend.services.ProductService      : Producto creado con id: 1
2026-06-10T15:59:16.765-05:00  INFO 33684 --- [backend] [main] c.e.backend.services.ProductService      : Buscando producto con id 1
2026-06-10T15:59:16.766-05:00  INFO 33684 --- [backend] [main] c.e.backend.services.ProductService      : Producto acutalizado con id: 1
2026-06-10T15:59:16.795-05:00  INFO 33684 --- [backend] [SpringApplicationShutdownHook] j.LocalContainerEntityManagerFactoryBean : Closing JPA EntityManagerFactory for persistence unit 'default'
2026-06-10T15:59:16.799-05:00  INFO 33684 --- [backend] [SpringApplicationShutdownHook] com.zaxxer.hikari.HikariDataSource       : HikariPool-1 - Shutdown initiated...
2026-06-10T15:59:16.811-05:00  INFO 33684 --- [backend] [SpringApplicationShutdownHook] com.zaxxer.hikari.HikariDataSource       : HikariPool-1 - Shutdown completed.
2026-06-10T15:59:27.892-05:00  INFO 6568 --- [backend] [main] com.example.backend.BackendApplication   : Starting BackendApplication using Java 25.0.2 with PID 6568 (C:\Users\Zogurf\Documents\UTP\Integrador\proyecto\Jair\proyecto_ceramica\backend\target\classes started by Zogurf in C:\Users\Zogurf\Documents\UTP\Integrador\proyecto\Jair\proyecto_ceramica\backend)
2026-06-10T15:59:27.894-05:00 DEBUG 6568 --- [backend] [main] com.example.backend.BackendApplication   : Running with Spring Boot v4.0.5, Spring v7.0.6
2026-06-10T15:59:27.894-05:00  INFO 6568 --- [backend] [main] com.example.backend.BackendApplication   : No active profile set, falling back to 1 default profile: "default"
2026-06-10T15:59:28.882-05:00  INFO 6568 --- [backend] [main] .s.d.r.c.RepositoryConfigurationDelegate : Bootstrapping Spring Data JPA repositories in DEFAULT mode.
2026-06-10T15:59:28.922-05:00  INFO 6568 --- [backend] [main] .s.d.r.c.RepositoryConfigurationDelegate : Finished Spring Data repository scanning in 35 ms. Found 6 JPA repository interfaces.
2026-06-10T15:59:29.226-05:00  INFO 6568 --- [backend] [main] o.s.boot.tomcat.TomcatWebServer          : Tomcat initialized with port 8080 (http)
2026-06-10T15:59:29.236-05:00  INFO 6568 --- [backend] [main] o.apache.catalina.core.StandardService   : Starting service [Tomcat]
2026-06-10T15:59:29.237-05:00  INFO 6568 --- [backend] [main] o.apache.catalina.core.StandardEngine    : Starting Servlet engine: [Apache Tomcat/11.0.20]
2026-06-10T15:59:29.273-05:00  INFO 6568 --- [backend] [main] b.w.c.s.WebApplicationContextInitializer : Root WebApplicationContext: initialization completed in 1347 ms
2026-06-10T15:59:29.314-05:00  INFO 6568 --- [backend] [main] com.zaxxer.hikari.HikariDataSource       : HikariPool-1 - Starting...
2026-06-10T15:59:29.623-05:00  INFO 6568 --- [backend] [main] com.zaxxer.hikari.pool.HikariPool        : HikariPool-1 - Added connection com.mysql.cj.jdbc.ConnectionImpl@7ae590f6
2026-06-10T15:59:29.624-05:00  INFO 6568 --- [backend] [main] com.zaxxer.hikari.HikariDataSource       : HikariPool-1 - Start completed.
2026-06-10T15:59:29.681-05:00  INFO 6568 --- [backend] [main] org.hibernate.orm.jpa                    : HHH008540: Processing PersistenceUnitInfo [name: default]
2026-06-10T15:59:29.722-05:00  INFO 6568 --- [backend] [main] org.hibernate.orm.core                   : HHH000001: Hibernate ORM core version 7.2.7.Final
2026-06-10T15:59:30.009-05:00  INFO 6568 --- [backend] [main] o.s.o.j.p.SpringPersistenceUnitInfo      : No LoadTimeWeaver setup: ignoring JPA class transformer
2026-06-10T15:59:30.083-05:00  INFO 6568 --- [backend] [main] org.hibernate.orm.connections.pooling    : HHH10001005: Database info:
	Database JDBC URL [jdbc:mysql://localhost:3306/ceramic_store_db?createDatabaseIfNotExist=true]
	Database driver: MySQL Connector/J
	Database dialect: MySQLDialect
	Database version: 8.0.45
	Default catalog/schema: ceramic_store_db/undefined
	Autocommit mode: undefined/unknown
	Isolation level: REPEATABLE_READ [default REPEATABLE_READ]
	JDBC fetch size: none
	Pool: DataSourceConnectionProvider
	Minimum pool size: undefined/unknown
	Maximum pool size: undefined/unknown
2026-06-10T15:59:30.763-05:00  INFO 6568 --- [backend] [main] org.hibernate.orm.core                   : HHH000489: No JTA platform available (set 'hibernate.transaction.jta.platform' to enable JTA platform integration)
2026-06-10T15:59:30.822-05:00  INFO 6568 --- [backend] [main] j.LocalContainerEntityManagerFactoryBean : Initialized JPA EntityManagerFactory for persistence unit 'default'
2026-06-10T15:59:30.855-05:00  INFO 6568 --- [backend] [main] o.s.d.j.r.query.QueryEnhancerFactories   : Hibernate is in classpath; If applicable, HQL parser will be used.
2026-06-10T15:59:30.969-05:00 DEBUG 6568 --- [backend] [main] c.e.b.config.JwtAuthenticationFilter     : Filter 'jwtAuthenticationFilter' configured for use
2026-06-10T15:59:31.057-05:00  INFO 6568 --- [backend] [main] eAuthenticationProviderManagerConfigurer : Global AuthenticationManager configured with AuthenticationProvider bean with name authenticationProvider
2026-06-10T15:59:31.057-05:00  WARN 6568 --- [backend] [main] r$InitializeUserDetailsManagerConfigurer : Global AuthenticationManager configured with an AuthenticationProvider bean. UserDetailsService beans will not be used by Spring Security for automatically configuring username/password login. Consider removing the AuthenticationProvider bean. Alternatively, consider using the UserDetailsService in a manually instantiated DaoAuthenticationProvider. If the current configuration is intentional, to turn off this warning, increase the logging level of 'org.springframework.security.config.annotation.authentication.configuration.InitializeUserDetailsBeanManagerConfigurer' to ERROR
2026-06-10T15:59:31.098-05:00  WARN 6568 --- [backend] [main] JpaBaseConfiguration$JpaWebConfiguration : spring.jpa.open-in-view is enabled by default. Therefore, database queries may be performed during view rendering. Explicitly configure spring.jpa.open-in-view to disable this warning
2026-06-10T15:59:31.381-05:00  INFO 6568 --- [backend] [main] o.s.boot.tomcat.TomcatWebServer          : Tomcat started on port 8080 (http) with context path '/'
2026-06-10T15:59:31.384-05:00  INFO 6568 --- [backend] [main] com.example.backend.BackendApplication   : Started BackendApplication in 3.883 seconds (process running for 7.219)
2026-06-10T16:07:02.739-05:00  INFO 6568 --- [backend] [SpringApplicationShutdownHook] o.s.boot.tomcat.GracefulShutdown         : Commencing graceful shutdown. Waiting for active requests to complete
2026-06-10T16:07:02.743-05:00  INFO 6568 --- [backend] [tomcat-shutdown] o.s.boot.tomcat.GracefulShutdown         : Graceful shutdown complete
2026-06-10T16:07:02.747-05:00  INFO 6568 --- [backend] [SpringApplicationShutdownHook] j.LocalContainerEntityManagerFactoryBean : Closing JPA EntityManagerFactory for persistence unit 'default'
2026-06-10T16:07:02.749-05:00  INFO 6568 --- [backend] [SpringApplicationShutdownHook] com.zaxxer.hikari.HikariDataSource       : HikariPool-1 - Shutdown initiated...
2026-06-10T16:07:02.756-05:00  INFO 6568 --- [backend] [SpringApplicationShutdownHook] com.zaxxer.hikari.HikariDataSource       : HikariPool-1 - Shutdown completed.
2026-06-10T16:53:40.069-05:00  INFO 35632 --- [backend] [main] com.example.backend.BackendApplication   : Starting BackendApplication using Java 25.0.2 with PID 35632 (D:\integrador\main-yo-xd\proyecto_ceramica_backend\target\classes started by Zogurf in D:\integrador\main-yo-xd\proyecto_ceramica_backend)
2026-06-10T16:53:40.071-05:00 DEBUG 35632 --- [backend] [main] com.example.backend.BackendApplication   : Running with Spring Boot v4.0.5, Spring v7.0.6
2026-06-10T16:53:40.072-05:00  INFO 35632 --- [backend] [main] com.example.backend.BackendApplication   : No active profile set, falling back to 1 default profile: "default"
2026-06-10T16:53:40.777-05:00  INFO 35632 --- [backend] [main] .s.d.r.c.RepositoryConfigurationDelegate : Bootstrapping Spring Data JPA repositories in DEFAULT mode.
2026-06-10T16:53:40.833-05:00  INFO 35632 --- [backend] [main] .s.d.r.c.RepositoryConfigurationDelegate : Finished Spring Data repository scanning in 51 ms. Found 6 JPA repository interfaces.
2026-06-10T16:53:41.177-05:00  INFO 35632 --- [backend] [main] o.s.boot.tomcat.TomcatWebServer          : Tomcat initialized with port 8080 (http)
2026-06-10T16:53:41.184-05:00  INFO 35632 --- [backend] [main] o.apache.catalina.core.StandardService   : Starting service [Tomcat]
2026-06-10T16:53:41.185-05:00  INFO 35632 --- [backend] [main] o.apache.catalina.core.StandardEngine    : Starting Servlet engine: [Apache Tomcat/11.0.20]
2026-06-10T16:53:41.252-05:00  INFO 35632 --- [backend] [main] b.w.c.s.WebApplicationContextInitializer : Root WebApplicationContext: initialization completed in 1149 ms
2026-06-10T16:53:41.293-05:00  INFO 35632 --- [backend] [main] com.zaxxer.hikari.HikariDataSource       : HikariPool-1 - Starting...
2026-06-10T16:53:41.618-05:00  INFO 35632 --- [backend] [main] com.zaxxer.hikari.pool.HikariPool        : HikariPool-1 - Added connection com.mysql.cj.jdbc.ConnectionImpl@5c9e8a67
2026-06-10T16:53:41.620-05:00  INFO 35632 --- [backend] [main] com.zaxxer.hikari.HikariDataSource       : HikariPool-1 - Start completed.
2026-06-10T16:53:41.672-05:00  INFO 35632 --- [backend] [main] org.hibernate.orm.jpa                    : HHH008540: Processing PersistenceUnitInfo [name: default]
2026-06-10T16:53:41.703-05:00  INFO 35632 --- [backend] [main] org.hibernate.orm.core                   : HHH000001: Hibernate ORM core version 7.2.7.Final
2026-06-10T16:53:41.983-05:00  INFO 35632 --- [backend] [main] o.s.o.j.p.SpringPersistenceUnitInfo      : No LoadTimeWeaver setup: ignoring JPA class transformer
2026-06-10T16:53:42.058-05:00  INFO 35632 --- [backend] [main] org.hibernate.orm.connections.pooling    : HHH10001005: Database info:
	Database JDBC URL [jdbc:mysql://localhost:3306/ceramic_store_db?createDatabaseIfNotExist=true]
	Database driver: MySQL Connector/J
	Database dialect: MySQLDialect
	Database version: 8.0.45
	Default catalog/schema: ceramic_store_db/undefined
	Autocommit mode: undefined/unknown
	Isolation level: REPEATABLE_READ [default REPEATABLE_READ]
	JDBC fetch size: none
	Pool: DataSourceConnectionProvider
	Minimum pool size: undefined/unknown
	Maximum pool size: undefined/unknown
2026-06-10T16:53:42.718-05:00  INFO 35632 --- [backend] [main] org.hibernate.orm.core                   : HHH000489: No JTA platform available (set 'hibernate.transaction.jta.platform' to enable JTA platform integration)
2026-06-10T16:53:42.799-05:00  INFO 35632 --- [backend] [main] j.LocalContainerEntityManagerFactoryBean : Initialized JPA EntityManagerFactory for persistence unit 'default'
2026-06-10T16:53:42.833-05:00  INFO 35632 --- [backend] [main] o.s.d.j.r.query.QueryEnhancerFactories   : Hibernate is in classpath; If applicable, HQL parser will be used.
2026-06-10T16:53:42.942-05:00 DEBUG 35632 --- [backend] [main] c.e.b.config.JwtAuthenticationFilter     : Filter 'jwtAuthenticationFilter' configured for use
2026-06-10T16:53:43.032-05:00  INFO 35632 --- [backend] [main] eAuthenticationProviderManagerConfigurer : Global AuthenticationManager configured with AuthenticationProvider bean with name authenticationProvider
2026-06-10T16:53:43.032-05:00  WARN 35632 --- [backend] [main] r$InitializeUserDetailsManagerConfigurer : Global AuthenticationManager configured with an AuthenticationProvider bean. UserDetailsService beans will not be used by Spring Security for automatically configuring username/password login. Consider removing the AuthenticationProvider bean. Alternatively, consider using the UserDetailsService in a manually instantiated DaoAuthenticationProvider. If the current configuration is intentional, to turn off this warning, increase the logging level of 'org.springframework.security.config.annotation.authentication.configuration.InitializeUserDetailsBeanManagerConfigurer' to ERROR
2026-06-10T16:53:43.077-05:00  WARN 35632 --- [backend] [main] JpaBaseConfiguration$JpaWebConfiguration : spring.jpa.open-in-view is enabled by default. Therefore, database queries may be performed during view rendering. Explicitly configure spring.jpa.open-in-view to disable this warning
2026-06-10T16:53:43.453-05:00  INFO 35632 --- [backend] [main] o.s.boot.tomcat.TomcatWebServer          : Tomcat started on port 8080 (http) with context path '/'
2026-06-10T16:53:43.459-05:00  INFO 35632 --- [backend] [main] com.example.backend.BackendApplication   : Started BackendApplication in 3.757 seconds (process running for 4.318)
2026-06-10T16:54:46.543-05:00  INFO 35632 --- [backend] [http-nio-8080-exec-1] o.a.c.c.C.[Tomcat].[localhost].[/]       : Initializing Spring DispatcherServlet 'dispatcherServlet'
2026-06-10T16:54:46.543-05:00  INFO 35632 --- [backend] [http-nio-8080-exec-1] o.s.web.servlet.DispatcherServlet        : Initializing Servlet 'dispatcherServlet'
2026-06-10T16:54:46.544-05:00  INFO 35632 --- [backend] [http-nio-8080-exec-1] o.s.web.servlet.DispatcherServlet        : Completed initialization in 1 ms
2026-06-10T16:55:44.492-05:00  INFO 35632 --- [backend] [SpringApplicationShutdownHook] o.s.boot.tomcat.GracefulShutdown         : Commencing graceful shutdown. Waiting for active requests to complete
2026-06-10T16:55:44.497-05:00  INFO 35632 --- [backend] [tomcat-shutdown] o.s.boot.tomcat.GracefulShutdown         : Graceful shutdown complete
2026-06-10T16:55:44.501-05:00  INFO 35632 --- [backend] [SpringApplicationShutdownHook] j.LocalContainerEntityManagerFactoryBean : Closing JPA EntityManagerFactory for persistence unit 'default'
2026-06-10T16:55:44.502-05:00  INFO 35632 --- [backend] [SpringApplicationShutdownHook] com.zaxxer.hikari.HikariDataSource       : HikariPool-1 - Shutdown initiated...
2026-06-10T16:55:44.508-05:00  INFO 35632 --- [backend] [SpringApplicationShutdownHook] com.zaxxer.hikari.HikariDataSource       : HikariPool-1 - Shutdown completed.
2026-06-10T18:25:17.295-05:00  INFO 10640 --- [backend] [main] com.example.backend.BackendApplication   : Starting BackendApplication using Java 25.0.3 with PID 10640 (C:\Users\user\Desktop\REPO\proyecto_ceramica_backend\target\classes started by user in C:\Users\user\Desktop\REPO\proyecto_ceramica_backend)
2026-06-10T18:25:17.297-05:00 DEBUG 10640 --- [backend] [main] com.example.backend.BackendApplication   : Running with Spring Boot v4.0.5, Spring v7.0.6
2026-06-10T18:25:17.298-05:00  INFO 10640 --- [backend] [main] com.example.backend.BackendApplication   : No active profile set, falling back to 1 default profile: "default"
2026-06-10T18:25:17.829-05:00  INFO 10640 --- [backend] [main] .s.d.r.c.RepositoryConfigurationDelegate : Bootstrapping Spring Data JPA repositories in DEFAULT mode.
2026-06-10T18:25:17.894-05:00  INFO 10640 --- [backend] [main] .s.d.r.c.RepositoryConfigurationDelegate : Finished Spring Data repository scanning in 57 ms. Found 6 JPA repository interfaces.
2026-06-10T18:25:18.291-05:00  INFO 10640 --- [backend] [main] o.s.boot.tomcat.TomcatWebServer          : Tomcat initialized with port 8080 (http)
2026-06-10T18:25:18.302-05:00  INFO 10640 --- [backend] [main] o.apache.catalina.core.StandardService   : Starting service [Tomcat]
2026-06-10T18:25:18.302-05:00  INFO 10640 --- [backend] [main] o.apache.catalina.core.StandardEngine    : Starting Servlet engine: [Apache Tomcat/11.0.20]
2026-06-10T18:25:18.357-05:00  INFO 10640 --- [backend] [main] b.w.c.s.WebApplicationContextInitializer : Root WebApplicationContext: initialization completed in 1027 ms
2026-06-10T18:25:18.403-05:00  INFO 10640 --- [backend] [main] com.zaxxer.hikari.HikariDataSource       : HikariPool-1 - Starting...
2026-06-10T18:25:18.741-05:00  INFO 10640 --- [backend] [main] com.zaxxer.hikari.pool.HikariPool        : HikariPool-1 - Added connection com.mysql.cj.jdbc.ConnectionImpl@1b409a79
2026-06-10T18:25:18.742-05:00  INFO 10640 --- [backend] [main] com.zaxxer.hikari.HikariDataSource       : HikariPool-1 - Start completed.
2026-06-10T18:25:18.839-05:00  INFO 10640 --- [backend] [main] org.hibernate.orm.jpa                    : HHH008540: Processing PersistenceUnitInfo [name: default]
2026-06-10T18:25:18.898-05:00  INFO 10640 --- [backend] [main] org.hibernate.orm.core                   : HHH000001: Hibernate ORM core version 7.2.7.Final
2026-06-10T18:25:19.329-05:00  INFO 10640 --- [backend] [main] o.s.o.j.p.SpringPersistenceUnitInfo      : No LoadTimeWeaver setup: ignoring JPA class transformer
2026-06-10T18:25:19.431-05:00  INFO 10640 --- [backend] [main] org.hibernate.orm.connections.pooling    : HHH10001005: Database info:
	Database JDBC URL [jdbc:mysql://localhost:3306/ceramic_store_db?createDatabaseIfNotExist=true]
	Database driver: MySQL Connector/J
	Database dialect: MySQLDialect
	Database version: 8.0.45
	Default catalog/schema: ceramic_store_db/undefined
	Autocommit mode: undefined/unknown
	Isolation level: REPEATABLE_READ [default REPEATABLE_READ]
	JDBC fetch size: none
	Pool: DataSourceConnectionProvider
	Minimum pool size: undefined/unknown
	Maximum pool size: undefined/unknown
2026-06-10T18:25:20.346-05:00  INFO 10640 --- [backend] [main] org.hibernate.orm.core                   : HHH000489: No JTA platform available (set 'hibernate.transaction.jta.platform' to enable JTA platform integration)
2026-06-10T18:25:20.439-05:00  INFO 10640 --- [backend] [main] j.LocalContainerEntityManagerFactoryBean : Initialized JPA EntityManagerFactory for persistence unit 'default'
2026-06-10T18:25:20.485-05:00  INFO 10640 --- [backend] [main] o.s.d.j.r.query.QueryEnhancerFactories   : Hibernate is in classpath; If applicable, HQL parser will be used.
2026-06-10T18:25:20.640-05:00 DEBUG 10640 --- [backend] [main] c.e.b.config.JwtAuthenticationFilter     : Filter 'jwtAuthenticationFilter' configured for use
2026-06-10T18:25:20.742-05:00  INFO 10640 --- [backend] [main] eAuthenticationProviderManagerConfigurer : Global AuthenticationManager configured with AuthenticationProvider bean with name authenticationProvider
2026-06-10T18:25:20.742-05:00  WARN 10640 --- [backend] [main] r$InitializeUserDetailsManagerConfigurer : Global AuthenticationManager configured with an AuthenticationProvider bean. UserDetailsService beans will not be used by Spring Security for automatically configuring username/password login. Consider removing the AuthenticationProvider bean. Alternatively, consider using the UserDetailsService in a manually instantiated DaoAuthenticationProvider. If the current configuration is intentional, to turn off this warning, increase the logging level of 'org.springframework.security.config.annotation.authentication.configuration.InitializeUserDetailsBeanManagerConfigurer' to ERROR
2026-06-10T18:25:20.785-05:00  WARN 10640 --- [backend] [main] JpaBaseConfiguration$JpaWebConfiguration : spring.jpa.open-in-view is enabled by default. Therefore, database queries may be performed during view rendering. Explicitly configure spring.jpa.open-in-view to disable this warning
2026-06-10T18:25:21.100-05:00  INFO 10640 --- [backend] [main] o.s.boot.tomcat.TomcatWebServer          : Tomcat started on port 8080 (http) with context path '/'
2026-06-10T18:25:21.103-05:00  INFO 10640 --- [backend] [main] com.example.backend.BackendApplication   : Started BackendApplication in 4.149 seconds (process running for 5.063)
2026-06-10T18:25:28.101-05:00  INFO 10640 --- [backend] [http-nio-8080-exec-1] o.a.c.c.C.[Tomcat].[localhost].[/]       : Initializing Spring DispatcherServlet 'dispatcherServlet'
2026-06-10T18:25:28.102-05:00  INFO 10640 --- [backend] [http-nio-8080-exec-1] o.s.web.servlet.DispatcherServlet        : Initializing Servlet 'dispatcherServlet'
2026-06-10T18:25:28.103-05:00  INFO 10640 --- [backend] [http-nio-8080-exec-1] o.s.web.servlet.DispatcherServlet        : Completed initialization in 1 ms
2026-06-10T18:25:38.528-05:00  INFO 10640 --- [backend] [http-nio-8080-exec-2] o.apache.tomcat.util.http.parser.Cookie  : A cookie header was received [g_state={"i_l":0,"i_ll":1780961748247,"i_b":"CxxzGs2UjPKehHG8bf+jcl8IVvppmwWY661YgrDvUnk","i_e":{"enable_itp_optimization":0},"i_et":1780961748247};] that contained an invalid cookie. That cookie will be ignored.
 Note: further occurrences of this error will be logged at DEBUG level.
2026-06-10T18:45:09.108-05:00  INFO 10640 --- [backend] [SpringApplicationShutdownHook] o.s.boot.tomcat.GracefulShutdown         : Commencing graceful shutdown. Waiting for active requests to complete
2026-06-10T18:45:09.113-05:00  INFO 10640 --- [backend] [tomcat-shutdown] o.s.boot.tomcat.GracefulShutdown         : Graceful shutdown complete
2026-06-10T18:45:09.115-05:00  INFO 10640 --- [backend] [SpringApplicationShutdownHook] j.LocalContainerEntityManagerFactoryBean : Closing JPA EntityManagerFactory for persistence unit 'default'
2026-06-10T18:45:09.117-05:00  INFO 10640 --- [backend] [SpringApplicationShutdownHook] com.zaxxer.hikari.HikariDataSource       : HikariPool-1 - Shutdown initiated...
2026-06-10T18:45:09.123-05:00  INFO 10640 --- [backend] [SpringApplicationShutdownHook] com.zaxxer.hikari.HikariDataSource       : HikariPool-1 - Shutdown completed.
2026-06-10T18:45:12.865-05:00  INFO 34740 --- [backend] [main] com.example.backend.BackendApplication   : Starting BackendApplication using Java 25.0.3 with PID 34740 (C:\Users\user\Desktop\REPO\proyecto_ceramica_backend\target\classes started by user in C:\Users\user\Desktop\REPO\proyecto_ceramica_backend)
2026-06-10T18:45:12.867-05:00 DEBUG 34740 --- [backend] [main] com.example.backend.BackendApplication   : Running with Spring Boot v4.0.5, Spring v7.0.6
2026-06-10T18:45:12.867-05:00  INFO 34740 --- [backend] [main] com.example.backend.BackendApplication   : No active profile set, falling back to 1 default profile: "default"
2026-06-10T18:45:13.347-05:00  INFO 34740 --- [backend] [main] .s.d.r.c.RepositoryConfigurationDelegate : Bootstrapping Spring Data JPA repositories in DEFAULT mode.
2026-06-10T18:45:13.404-05:00  INFO 34740 --- [backend] [main] .s.d.r.c.RepositoryConfigurationDelegate : Finished Spring Data repository scanning in 51 ms. Found 6 JPA repository interfaces.
2026-06-10T18:45:13.745-05:00  INFO 34740 --- [backend] [main] o.s.boot.tomcat.TomcatWebServer          : Tomcat initialized with port 8080 (http)
2026-06-10T18:45:13.754-05:00  INFO 34740 --- [backend] [main] o.apache.catalina.core.StandardService   : Starting service [Tomcat]
2026-06-10T18:45:13.755-05:00  INFO 34740 --- [backend] [main] o.apache.catalina.core.StandardEngine    : Starting Servlet engine: [Apache Tomcat/11.0.20]
2026-06-10T18:45:13.802-05:00  INFO 34740 --- [backend] [main] b.w.c.s.WebApplicationContextInitializer : Root WebApplicationContext: initialization completed in 900 ms
2026-06-10T18:45:13.840-05:00  INFO 34740 --- [backend] [main] com.zaxxer.hikari.HikariDataSource       : HikariPool-1 - Starting...
2026-06-10T18:45:14.102-05:00  INFO 34740 --- [backend] [main] com.zaxxer.hikari.pool.HikariPool        : HikariPool-1 - Added connection com.mysql.cj.jdbc.ConnectionImpl@2dcd0e41
2026-06-10T18:45:14.104-05:00  INFO 34740 --- [backend] [main] com.zaxxer.hikari.HikariDataSource       : HikariPool-1 - Start completed.
2026-06-10T18:45:14.184-05:00  INFO 34740 --- [backend] [main] org.hibernate.orm.jpa                    : HHH008540: Processing PersistenceUnitInfo [name: default]
2026-06-10T18:45:14.224-05:00  INFO 34740 --- [backend] [main] org.hibernate.orm.core                   : HHH000001: Hibernate ORM core version 7.2.7.Final
2026-06-10T18:45:14.540-05:00  INFO 34740 --- [backend] [main] o.s.o.j.p.SpringPersistenceUnitInfo      : No LoadTimeWeaver setup: ignoring JPA class transformer
2026-06-10T18:45:14.616-05:00  INFO 34740 --- [backend] [main] org.hibernate.orm.connections.pooling    : HHH10001005: Database info:
	Database JDBC URL [jdbc:mysql://localhost:3306/ceramic_store_db?createDatabaseIfNotExist=true]
	Database driver: MySQL Connector/J
	Database dialect: MySQLDialect
	Database version: 8.0.45
	Default catalog/schema: ceramic_store_db/undefined
	Autocommit mode: undefined/unknown
	Isolation level: REPEATABLE_READ [default REPEATABLE_READ]
	JDBC fetch size: none
	Pool: DataSourceConnectionProvider
	Minimum pool size: undefined/unknown
	Maximum pool size: undefined/unknown
2026-06-10T18:45:15.400-05:00  INFO 34740 --- [backend] [main] org.hibernate.orm.core                   : HHH000489: No JTA platform available (set 'hibernate.transaction.jta.platform' to enable JTA platform integration)
2026-06-10T18:45:15.463-05:00  INFO 34740 --- [backend] [main] j.LocalContainerEntityManagerFactoryBean : Initialized JPA EntityManagerFactory for persistence unit 'default'
2026-06-10T18:45:15.499-05:00  INFO 34740 --- [backend] [main] o.s.d.j.r.query.QueryEnhancerFactories   : Hibernate is in classpath; If applicable, HQL parser will be used.
2026-06-10T18:45:15.635-05:00 DEBUG 34740 --- [backend] [main] c.e.b.config.JwtAuthenticationFilter     : Filter 'jwtAuthenticationFilter' configured for use
2026-06-10T18:45:15.730-05:00  INFO 34740 --- [backend] [main] eAuthenticationProviderManagerConfigurer : Global AuthenticationManager configured with AuthenticationProvider bean with name authenticationProvider
2026-06-10T18:45:15.730-05:00  WARN 34740 --- [backend] [main] r$InitializeUserDetailsManagerConfigurer : Global AuthenticationManager configured with an AuthenticationProvider bean. UserDetailsService beans will not be used by Spring Security for automatically configuring username/password login. Consider removing the AuthenticationProvider bean. Alternatively, consider using the UserDetailsService in a manually instantiated DaoAuthenticationProvider. If the current configuration is intentional, to turn off this warning, increase the logging level of 'org.springframework.security.config.annotation.authentication.configuration.InitializeUserDetailsBeanManagerConfigurer' to ERROR
2026-06-10T18:45:15.777-05:00  WARN 34740 --- [backend] [main] JpaBaseConfiguration$JpaWebConfiguration : spring.jpa.open-in-view is enabled by default. Therefore, database queries may be performed during view rendering. Explicitly configure spring.jpa.open-in-view to disable this warning
2026-06-10T18:45:16.072-05:00  INFO 34740 --- [backend] [main] o.s.boot.tomcat.TomcatWebServer          : Tomcat started on port 8080 (http) with context path '/'
2026-06-10T18:45:16.080-05:00  INFO 34740 --- [backend] [main] com.example.backend.BackendApplication   : Started BackendApplication in 3.552 seconds (process running for 3.942)
2026-06-10T18:45:30.723-05:00  INFO 34740 --- [backend] [http-nio-8080-exec-1] o.a.c.c.C.[Tomcat].[localhost].[/]       : Initializing Spring DispatcherServlet 'dispatcherServlet'
2026-06-10T18:45:30.723-05:00  INFO 34740 --- [backend] [http-nio-8080-exec-1] o.s.web.servlet.DispatcherServlet        : Initializing Servlet 'dispatcherServlet'
2026-06-10T18:45:30.724-05:00  INFO 34740 --- [backend] [http-nio-8080-exec-1] o.s.web.servlet.DispatcherServlet        : Completed initialization in 1 ms
2026-06-11T03:41:25.206-05:00  INFO 8816 --- [backend] [main] com.example.backend.BackendApplication   : Starting BackendApplication using Java 21.0.6 with PID 8816 (D:\repositorios\proyecto_ceramica_backend\target\classes started by efrai in D:\repositorios\proyecto_ceramica_backend)
2026-06-11T03:41:25.209-05:00 DEBUG 8816 --- [backend] [main] com.example.backend.BackendApplication   : Running with Spring Boot v4.0.5, Spring v7.0.6
2026-06-11T03:41:25.210-05:00  INFO 8816 --- [backend] [main] com.example.backend.BackendApplication   : No active profile set, falling back to 1 default profile: "default"
2026-06-11T03:41:25.887-05:00  INFO 8816 --- [backend] [main] .s.d.r.c.RepositoryConfigurationDelegate : Bootstrapping Spring Data JPA repositories in DEFAULT mode.
2026-06-11T03:41:25.947-05:00  INFO 8816 --- [backend] [main] .s.d.r.c.RepositoryConfigurationDelegate : Finished Spring Data repository scanning in 51 ms. Found 6 JPA repository interfaces.
2026-06-11T03:41:26.492-05:00  INFO 8816 --- [backend] [main] o.s.boot.tomcat.TomcatWebServer          : Tomcat initialized with port 8080 (http)
2026-06-11T03:41:26.505-05:00  INFO 8816 --- [backend] [main] o.apache.catalina.core.StandardService   : Starting service [Tomcat]
2026-06-11T03:41:26.505-05:00  INFO 8816 --- [backend] [main] o.apache.catalina.core.StandardEngine    : Starting Servlet engine: [Apache Tomcat/11.0.20]
2026-06-11T03:41:26.556-05:00  INFO 8816 --- [backend] [main] b.w.c.s.WebApplicationContextInitializer : Root WebApplicationContext: initialization completed in 1293 ms
2026-06-11T03:41:26.612-05:00  INFO 8816 --- [backend] [main] com.zaxxer.hikari.HikariDataSource       : HikariPool-1 - Starting...
2026-06-11T03:41:27.017-05:00  INFO 8816 --- [backend] [main] com.zaxxer.hikari.pool.HikariPool        : HikariPool-1 - Added connection com.mysql.cj.jdbc.ConnectionImpl@44faa4f2
2026-06-11T03:41:27.019-05:00  INFO 8816 --- [backend] [main] com.zaxxer.hikari.HikariDataSource       : HikariPool-1 - Start completed.
2026-06-11T03:41:27.098-05:00  INFO 8816 --- [backend] [main] org.hibernate.orm.jpa                    : HHH008540: Processing PersistenceUnitInfo [name: default]
2026-06-11T03:41:27.155-05:00  INFO 8816 --- [backend] [main] org.hibernate.orm.core                   : HHH000001: Hibernate ORM core version 7.2.7.Final
2026-06-11T03:41:27.663-05:00  INFO 8816 --- [backend] [main] o.s.o.j.p.SpringPersistenceUnitInfo      : No LoadTimeWeaver setup: ignoring JPA class transformer
2026-06-11T03:41:27.776-05:00  INFO 8816 --- [backend] [main] org.hibernate.orm.connections.pooling    : HHH10001005: Database info:
	Database JDBC URL [jdbc:mysql://localhost:3306/ceramic_store_db?createDatabaseIfNotExist=true]
	Database driver: MySQL Connector/J
	Database dialect: MySQLDialect
	Database version: 8.0.41
	Default catalog/schema: ceramic_store_db/undefined
	Autocommit mode: undefined/unknown
	Isolation level: REPEATABLE_READ [default REPEATABLE_READ]
	JDBC fetch size: none
	Pool: DataSourceConnectionProvider
	Minimum pool size: undefined/unknown
	Maximum pool size: undefined/unknown
2026-06-11T03:41:28.596-05:00  INFO 8816 --- [backend] [main] org.hibernate.orm.core                   : HHH000489: No JTA platform available (set 'hibernate.transaction.jta.platform' to enable JTA platform integration)
2026-06-11T03:41:28.689-05:00  INFO 8816 --- [backend] [main] j.LocalContainerEntityManagerFactoryBean : Initialized JPA EntityManagerFactory for persistence unit 'default'
2026-06-11T03:41:28.734-05:00  INFO 8816 --- [backend] [main] o.s.d.j.r.query.QueryEnhancerFactories   : Hibernate is in classpath; If applicable, HQL parser will be used.
2026-06-11T03:41:28.874-05:00 DEBUG 8816 --- [backend] [main] c.e.b.config.JwtAuthenticationFilter     : Filter 'jwtAuthenticationFilter' configured for use
2026-06-11T03:41:28.991-05:00  INFO 8816 --- [backend] [main] eAuthenticationProviderManagerConfigurer : Global AuthenticationManager configured with AuthenticationProvider bean with name authenticationProvider
2026-06-11T03:41:28.992-05:00  WARN 8816 --- [backend] [main] r$InitializeUserDetailsManagerConfigurer : Global AuthenticationManager configured with an AuthenticationProvider bean. UserDetailsService beans will not be used by Spring Security for automatically configuring username/password login. Consider removing the AuthenticationProvider bean. Alternatively, consider using the UserDetailsService in a manually instantiated DaoAuthenticationProvider. If the current configuration is intentional, to turn off this warning, increase the logging level of 'org.springframework.security.config.annotation.authentication.configuration.InitializeUserDetailsBeanManagerConfigurer' to ERROR
2026-06-11T03:41:29.057-05:00  WARN 8816 --- [backend] [main] JpaBaseConfiguration$JpaWebConfiguration : spring.jpa.open-in-view is enabled by default. Therefore, database queries may be performed during view rendering. Explicitly configure spring.jpa.open-in-view to disable this warning
2026-06-11T03:41:29.651-05:00  INFO 8816 --- [backend] [main] o.s.boot.tomcat.TomcatWebServer          : Tomcat started on port 8080 (http) with context path '/'
2026-06-11T03:41:29.657-05:00  INFO 8816 --- [backend] [main] com.example.backend.BackendApplication   : Started BackendApplication in 4.828 seconds (process running for 5.433)
2026-06-11T03:41:48.490-05:00  INFO 8816 --- [backend] [http-nio-8080-exec-4] o.a.c.c.C.[Tomcat].[localhost].[/]       : Initializing Spring DispatcherServlet 'dispatcherServlet'
2026-06-11T03:41:48.491-05:00  INFO 8816 --- [backend] [http-nio-8080-exec-4] o.s.web.servlet.DispatcherServlet        : Initializing Servlet 'dispatcherServlet'
2026-06-11T03:41:48.493-05:00  INFO 8816 --- [backend] [http-nio-8080-exec-4] o.s.web.servlet.DispatcherServlet        : Completed initialization in 2 ms
2026-06-11T03:43:30.923-05:00  WARN 8816 --- [backend] [http-nio-8080-exec-6] .w.s.m.s.DefaultHandlerExceptionResolver : Resolved [org.springframework.web.HttpRequestMethodNotSupportedException: Request method 'GET' is not supported]
2026-06-11T03:51:45.982-05:00  WARN 8816 --- [backend] [http-nio-8080-exec-10] .w.s.m.s.DefaultHandlerExceptionResolver : Resolved [org.springframework.web.HttpRequestMethodNotSupportedException: Request method 'GET' is not supported]
2026-06-11T04:22:20.597-05:00  INFO 8816 --- [backend] [http-nio-8080-exec-9] c.e.backend.services.ProductService      : Creando producto...
2026-06-11T04:22:20.703-05:00  INFO 8816 --- [backend] [http-nio-8080-exec-9] c.e.backend.services.ProductService      : Producto creado con id: 10
2026-06-11T04:27:27.395-05:00  WARN 8816 --- [backend] [http-nio-8080-exec-8] c.example.backend.services.EmailService  : SMTP no configurado. Codigo de recuperacion para efrainqn16@gmail.com: 524722
2026-06-11T04:29:47.326-05:00  WARN 8816 --- [backend] [http-nio-8080-exec-2] c.example.backend.services.EmailService  : SMTP no configurado. Codigo de recuperacion para efrainqn16@gmail.com: 650109
2026-06-11T04:34:08.796-05:00  WARN 8816 --- [backend] [http-nio-8080-exec-6] c.example.backend.services.EmailService  : SMTP no configurado. Codigo de recuperacion para ellanoteama160104@gmail.com: 396495
2026-06-11T04:39:29.285-05:00  INFO 8816 --- [backend] [SpringApplicationShutdownHook] o.s.boot.tomcat.GracefulShutdown         : Commencing graceful shutdown. Waiting for active requests to complete
2026-06-11T04:39:29.292-05:00  INFO 8816 --- [backend] [tomcat-shutdown] o.s.boot.tomcat.GracefulShutdown         : Graceful shutdown complete
2026-06-11T04:39:29.296-05:00  INFO 8816 --- [backend] [SpringApplicationShutdownHook] j.LocalContainerEntityManagerFactoryBean : Closing JPA EntityManagerFactory for persistence unit 'default'
2026-06-11T04:39:29.299-05:00  INFO 8816 --- [backend] [SpringApplicationShutdownHook] com.zaxxer.hikari.HikariDataSource       : HikariPool-1 - Shutdown initiated...
2026-06-11T04:39:29.306-05:00  INFO 8816 --- [backend] [SpringApplicationShutdownHook] com.zaxxer.hikari.HikariDataSource       : HikariPool-1 - Shutdown completed.
2026-06-11T04:39:33.956-05:00  INFO 28136 --- [backend] [main] com.example.backend.BackendApplication   : Starting BackendApplication using Java 21.0.6 with PID 28136 (D:\repositorios\proyecto_ceramica_backend\target\classes started by efrai in D:\repositorios\proyecto_ceramica_backend)
2026-06-11T04:39:33.959-05:00 DEBUG 28136 --- [backend] [main] com.example.backend.BackendApplication   : Running with Spring Boot v4.0.5, Spring v7.0.6
2026-06-11T04:39:33.960-05:00  INFO 28136 --- [backend] [main] com.example.backend.BackendApplication   : No active profile set, falling back to 1 default profile: "default"
2026-06-11T04:39:34.676-05:00  INFO 28136 --- [backend] [main] .s.d.r.c.RepositoryConfigurationDelegate : Bootstrapping Spring Data JPA repositories in DEFAULT mode.
2026-06-11T04:39:34.744-05:00  INFO 28136 --- [backend] [main] .s.d.r.c.RepositoryConfigurationDelegate : Finished Spring Data repository scanning in 61 ms. Found 6 JPA repository interfaces.
2026-06-11T04:39:35.520-05:00  INFO 28136 --- [backend] [main] o.s.boot.tomcat.TomcatWebServer          : Tomcat initialized with port 8080 (http)
2026-06-11T04:39:35.538-05:00  INFO 28136 --- [backend] [main] o.apache.catalina.core.StandardService   : Starting service [Tomcat]
2026-06-11T04:39:35.539-05:00  INFO 28136 --- [backend] [main] o.apache.catalina.core.StandardEngine    : Starting Servlet engine: [Apache Tomcat/11.0.20]
2026-06-11T04:39:35.610-05:00  INFO 28136 --- [backend] [main] b.w.c.s.WebApplicationContextInitializer : Root WebApplicationContext: initialization completed in 1584 ms
2026-06-11T04:39:35.684-05:00  INFO 28136 --- [backend] [main] com.zaxxer.hikari.HikariDataSource       : HikariPool-1 - Starting...
2026-06-11T04:39:36.186-05:00  INFO 28136 --- [backend] [main] com.zaxxer.hikari.pool.HikariPool        : HikariPool-1 - Added connection com.mysql.cj.jdbc.ConnectionImpl@6c07add6
2026-06-11T04:39:36.190-05:00  INFO 28136 --- [backend] [main] com.zaxxer.hikari.HikariDataSource       : HikariPool-1 - Start completed.
2026-06-11T04:39:36.332-05:00  INFO 28136 --- [backend] [main] org.hibernate.orm.jpa                    : HHH008540: Processing PersistenceUnitInfo [name: default]
2026-06-11T04:39:36.417-05:00  INFO 28136 --- [backend] [main] org.hibernate.orm.core                   : HHH000001: Hibernate ORM core version 7.2.7.Final
2026-06-11T04:39:37.092-05:00  INFO 28136 --- [backend] [main] o.s.o.j.p.SpringPersistenceUnitInfo      : No LoadTimeWeaver setup: ignoring JPA class transformer
2026-06-11T04:39:37.209-05:00  INFO 28136 --- [backend] [main] org.hibernate.orm.connections.pooling    : HHH10001005: Database info:
	Database JDBC URL [jdbc:mysql://localhost:3306/ceramic_store_db?createDatabaseIfNotExist=true]
	Database driver: MySQL Connector/J
	Database dialect: MySQLDialect
	Database version: 8.0.41
	Default catalog/schema: ceramic_store_db/undefined
	Autocommit mode: undefined/unknown
	Isolation level: REPEATABLE_READ [default REPEATABLE_READ]
	JDBC fetch size: none
	Pool: DataSourceConnectionProvider
	Minimum pool size: undefined/unknown
	Maximum pool size: undefined/unknown
2026-06-11T04:39:38.189-05:00  INFO 28136 --- [backend] [main] org.hibernate.orm.core                   : HHH000489: No JTA platform available (set 'hibernate.transaction.jta.platform' to enable JTA platform integration)
2026-06-11T04:39:38.356-05:00  INFO 28136 --- [backend] [main] j.LocalContainerEntityManagerFactoryBean : Initialized JPA EntityManagerFactory for persistence unit 'default'
2026-06-11T04:39:38.418-05:00  INFO 28136 --- [backend] [main] o.s.d.j.r.query.QueryEnhancerFactories   : Hibernate is in classpath; If applicable, HQL parser will be used.
2026-06-11T04:39:38.627-05:00 DEBUG 28136 --- [backend] [main] c.e.b.config.JwtAuthenticationFilter     : Filter 'jwtAuthenticationFilter' configured for use
2026-06-11T04:39:38.791-05:00  INFO 28136 --- [backend] [main] eAuthenticationProviderManagerConfigurer : Global AuthenticationManager configured with AuthenticationProvider bean with name authenticationProvider
2026-06-11T04:39:38.791-05:00  WARN 28136 --- [backend] [main] r$InitializeUserDetailsManagerConfigurer : Global AuthenticationManager configured with an AuthenticationProvider bean. UserDetailsService beans will not be used by Spring Security for automatically configuring username/password login. Consider removing the AuthenticationProvider bean. Alternatively, consider using the UserDetailsService in a manually instantiated DaoAuthenticationProvider. If the current configuration is intentional, to turn off this warning, increase the logging level of 'org.springframework.security.config.annotation.authentication.configuration.InitializeUserDetailsBeanManagerConfigurer' to ERROR
2026-06-11T04:39:38.879-05:00  WARN 28136 --- [backend] [main] JpaBaseConfiguration$JpaWebConfiguration : spring.jpa.open-in-view is enabled by default. Therefore, database queries may be performed during view rendering. Explicitly configure spring.jpa.open-in-view to disable this warning
2026-06-11T04:39:39.982-05:00  INFO 28136 --- [backend] [main] o.s.boot.tomcat.TomcatWebServer          : Tomcat started on port 8080 (http) with context path '/'
2026-06-11T04:39:39.988-05:00  INFO 28136 --- [backend] [main] com.example.backend.BackendApplication   : Started BackendApplication in 6.394 seconds (process running for 6.999)
2026-06-11T04:40:44.536-05:00  INFO 28136 --- [backend] [http-nio-8080-exec-1] o.a.c.c.C.[Tomcat].[localhost].[/]       : Initializing Spring DispatcherServlet 'dispatcherServlet'
2026-06-11T04:40:44.536-05:00  INFO 28136 --- [backend] [http-nio-8080-exec-1] o.s.web.servlet.DispatcherServlet        : Initializing Servlet 'dispatcherServlet'
2026-06-11T04:40:44.538-05:00  INFO 28136 --- [backend] [http-nio-8080-exec-1] o.s.web.servlet.DispatcherServlet        : Completed initialization in 2 ms
2026-06-11T05:02:11.086-05:00  INFO 28136 --- [backend] [http-nio-8080-exec-9] c.e.backend.services.ProductService      : Buscando producto id 1
2026-06-11T05:02:11.115-05:00  INFO 28136 --- [backend] [http-nio-8080-exec-9] c.e.backend.services.ProductService      : Producto encontrado: Loro
2026-06-11T05:02:11.224-05:00  INFO 28136 --- [backend] [http-nio-8080-exec-2] c.e.backend.services.ProductService      : Buscando producto id 1
2026-06-11T05:02:11.241-05:00  INFO 28136 --- [backend] [http-nio-8080-exec-2] c.e.backend.services.ProductService      : Producto encontrado: Loro
2026-06-11T05:05:52.531-05:00  INFO 28136 --- [backend] [SpringApplicationShutdownHook] o.s.boot.tomcat.GracefulShutdown         : Commencing graceful shutdown. Waiting for active requests to complete
2026-06-11T05:05:52.538-05:00  INFO 28136 --- [backend] [tomcat-shutdown] o.s.boot.tomcat.GracefulShutdown         : Graceful shutdown complete
2026-06-11T05:05:52.542-05:00  INFO 28136 --- [backend] [SpringApplicationShutdownHook] j.LocalContainerEntityManagerFactoryBean : Closing JPA EntityManagerFactory for persistence unit 'default'
2026-06-11T05:05:52.545-05:00  INFO 28136 --- [backend] [SpringApplicationShutdownHook] com.zaxxer.hikari.HikariDataSource       : HikariPool-1 - Shutdown initiated...
2026-06-11T05:05:52.552-05:00  INFO 28136 --- [backend] [SpringApplicationShutdownHook] com.zaxxer.hikari.HikariDataSource       : HikariPool-1 - Shutdown completed.
2026-06-11T05:05:55.619-05:00  INFO 29024 --- [backend] [main] com.example.backend.BackendApplication   : Starting BackendApplication using Java 21.0.6 with PID 29024 (D:\repositorios\proyecto_ceramica_backend\target\classes started by efrai in D:\repositorios\proyecto_ceramica_backend)
2026-06-11T05:05:55.622-05:00 DEBUG 29024 --- [backend] [main] com.example.backend.BackendApplication   : Running with Spring Boot v4.0.5, Spring v7.0.6
2026-06-11T05:05:55.623-05:00  INFO 29024 --- [backend] [main] com.example.backend.BackendApplication   : No active profile set, falling back to 1 default profile: "default"
2026-06-11T05:05:56.348-05:00  INFO 29024 --- [backend] [main] .s.d.r.c.RepositoryConfigurationDelegate : Bootstrapping Spring Data JPA repositories in DEFAULT mode.
2026-06-11T05:05:56.401-05:00  INFO 29024 --- [backend] [main] .s.d.r.c.RepositoryConfigurationDelegate : Finished Spring Data repository scanning in 46 ms. Found 6 JPA repository interfaces.
2026-06-11T05:05:56.918-05:00  INFO 29024 --- [backend] [main] o.s.boot.tomcat.TomcatWebServer          : Tomcat initialized with port 8080 (http)
2026-06-11T05:05:56.929-05:00  INFO 29024 --- [backend] [main] o.apache.catalina.core.StandardService   : Starting service [Tomcat]
2026-06-11T05:05:56.930-05:00  INFO 29024 --- [backend] [main] o.apache.catalina.core.StandardEngine    : Starting Servlet engine: [Apache Tomcat/11.0.20]
2026-06-11T05:05:56.977-05:00  INFO 29024 --- [backend] [main] b.w.c.s.WebApplicationContextInitializer : Root WebApplicationContext: initialization completed in 1308 ms
2026-06-11T05:05:57.037-05:00  INFO 29024 --- [backend] [main] com.zaxxer.hikari.HikariDataSource       : HikariPool-1 - Starting...
2026-06-11T05:05:57.362-05:00  INFO 29024 --- [backend] [main] com.zaxxer.hikari.pool.HikariPool        : HikariPool-1 - Added connection com.mysql.cj.jdbc.ConnectionImpl@6c07add6
2026-06-11T05:05:57.363-05:00  INFO 29024 --- [backend] [main] com.zaxxer.hikari.HikariDataSource       : HikariPool-1 - Start completed.
2026-06-11T05:05:57.444-05:00  INFO 29024 --- [backend] [main] org.hibernate.orm.jpa                    : HHH008540: Processing PersistenceUnitInfo [name: default]
2026-06-11T05:05:57.502-05:00  INFO 29024 --- [backend] [main] org.hibernate.orm.core                   : HHH000001: Hibernate ORM core version 7.2.7.Final
2026-06-11T05:05:58.021-05:00  INFO 29024 --- [backend] [main] o.s.o.j.p.SpringPersistenceUnitInfo      : No LoadTimeWeaver setup: ignoring JPA class transformer
2026-06-11T05:05:58.109-05:00  INFO 29024 --- [backend] [main] org.hibernate.orm.connections.pooling    : HHH10001005: Database info:
	Database JDBC URL [jdbc:mysql://localhost:3306/ceramic_store_db?createDatabaseIfNotExist=true]
	Database driver: MySQL Connector/J
	Database dialect: MySQLDialect
	Database version: 8.0.41
	Default catalog/schema: ceramic_store_db/undefined
	Autocommit mode: undefined/unknown
	Isolation level: REPEATABLE_READ [default REPEATABLE_READ]
	JDBC fetch size: none
	Pool: DataSourceConnectionProvider
	Minimum pool size: undefined/unknown
	Maximum pool size: undefined/unknown
2026-06-11T05:05:58.895-05:00  INFO 29024 --- [backend] [main] org.hibernate.orm.core                   : HHH000489: No JTA platform available (set 'hibernate.transaction.jta.platform' to enable JTA platform integration)
2026-06-11T05:05:58.978-05:00  INFO 29024 --- [backend] [main] j.LocalContainerEntityManagerFactoryBean : Initialized JPA EntityManagerFactory for persistence unit 'default'
2026-06-11T05:05:59.031-05:00  INFO 29024 --- [backend] [main] o.s.d.j.r.query.QueryEnhancerFactories   : Hibernate is in classpath; If applicable, HQL parser will be used.
2026-06-11T05:05:59.214-05:00 DEBUG 29024 --- [backend] [main] c.e.b.config.JwtAuthenticationFilter     : Filter 'jwtAuthenticationFilter' configured for use
2026-06-11T05:05:59.343-05:00  INFO 29024 --- [backend] [main] eAuthenticationProviderManagerConfigurer : Global AuthenticationManager configured with AuthenticationProvider bean with name authenticationProvider
2026-06-11T05:05:59.343-05:00  WARN 29024 --- [backend] [main] r$InitializeUserDetailsManagerConfigurer : Global AuthenticationManager configured with an AuthenticationProvider bean. UserDetailsService beans will not be used by Spring Security for automatically configuring username/password login. Consider removing the AuthenticationProvider bean. Alternatively, consider using the UserDetailsService in a manually instantiated DaoAuthenticationProvider. If the current configuration is intentional, to turn off this warning, increase the logging level of 'org.springframework.security.config.annotation.authentication.configuration.InitializeUserDetailsBeanManagerConfigurer' to ERROR
2026-06-11T05:05:59.396-05:00  WARN 29024 --- [backend] [main] JpaBaseConfiguration$JpaWebConfiguration : spring.jpa.open-in-view is enabled by default. Therefore, database queries may be performed during view rendering. Explicitly configure spring.jpa.open-in-view to disable this warning
2026-06-11T05:06:00.035-05:00  INFO 29024 --- [backend] [main] o.s.boot.tomcat.TomcatWebServer          : Tomcat started on port 8080 (http) with context path '/'
2026-06-11T05:06:00.039-05:00  INFO 29024 --- [backend] [main] com.example.backend.BackendApplication   : Started BackendApplication in 4.773 seconds (process running for 5.311)
2026-06-11T05:06:04.452-05:00  INFO 29024 --- [backend] [http-nio-8080-exec-1] o.a.c.c.C.[Tomcat].[localhost].[/]       : Initializing Spring DispatcherServlet 'dispatcherServlet'
2026-06-11T05:06:04.452-05:00  INFO 29024 --- [backend] [http-nio-8080-exec-1] o.s.web.servlet.DispatcherServlet        : Initializing Servlet 'dispatcherServlet'
2026-06-11T05:06:04.453-05:00  INFO 29024 --- [backend] [http-nio-8080-exec-1] o.s.web.servlet.DispatcherServlet        : Completed initialization in 1 ms
2026-06-11T05:07:53.931-05:00  INFO 29024 --- [backend] [SpringApplicationShutdownHook] o.s.boot.tomcat.GracefulShutdown         : Commencing graceful shutdown. Waiting for active requests to complete
2026-06-11T05:07:53.935-05:00  INFO 29024 --- [backend] [tomcat-shutdown] o.s.boot.tomcat.GracefulShutdown         : Graceful shutdown complete
2026-06-11T05:07:53.939-05:00  INFO 29024 --- [backend] [SpringApplicationShutdownHook] j.LocalContainerEntityManagerFactoryBean : Closing JPA EntityManagerFactory for persistence unit 'default'
2026-06-11T05:07:53.943-05:00  INFO 29024 --- [backend] [SpringApplicationShutdownHook] com.zaxxer.hikari.HikariDataSource       : HikariPool-1 - Shutdown initiated...
2026-06-11T05:07:53.951-05:00  INFO 29024 --- [backend] [SpringApplicationShutdownHook] com.zaxxer.hikari.HikariDataSource       : HikariPool-1 - Shutdown completed.
2026-06-11T05:07:56.826-05:00  INFO 17808 --- [backend] [main] com.example.backend.BackendApplication   : Starting BackendApplication using Java 21.0.6 with PID 17808 (D:\repositorios\proyecto_ceramica_backend\target\classes started by efrai in D:\repositorios\proyecto_ceramica_backend)
2026-06-11T05:07:56.829-05:00 DEBUG 17808 --- [backend] [main] com.example.backend.BackendApplication   : Running with Spring Boot v4.0.5, Spring v7.0.6
2026-06-11T05:07:56.830-05:00  INFO 17808 --- [backend] [main] com.example.backend.BackendApplication   : No active profile set, falling back to 1 default profile: "default"
2026-06-11T05:07:57.368-05:00  INFO 17808 --- [backend] [main] .s.d.r.c.RepositoryConfigurationDelegate : Bootstrapping Spring Data JPA repositories in DEFAULT mode.
2026-06-11T05:07:57.413-05:00  INFO 17808 --- [backend] [main] .s.d.r.c.RepositoryConfigurationDelegate : Finished Spring Data repository scanning in 39 ms. Found 6 JPA repository interfaces.
2026-06-11T05:07:57.842-05:00  INFO 17808 --- [backend] [main] o.s.boot.tomcat.TomcatWebServer          : Tomcat initialized with port 8080 (http)
2026-06-11T05:07:57.852-05:00  INFO 17808 --- [backend] [main] o.apache.catalina.core.StandardService   : Starting service [Tomcat]
2026-06-11T05:07:57.852-05:00  INFO 17808 --- [backend] [main] o.apache.catalina.core.StandardEngine    : Starting Servlet engine: [Apache Tomcat/11.0.20]
2026-06-11T05:07:57.903-05:00  INFO 17808 --- [backend] [main] b.w.c.s.WebApplicationContextInitializer : Root WebApplicationContext: initialization completed in 1038 ms
2026-06-11T05:07:57.954-05:00  INFO 17808 --- [backend] [main] com.zaxxer.hikari.HikariDataSource       : HikariPool-1 - Starting...
2026-06-11T05:07:58.210-05:00  INFO 17808 --- [backend] [main] com.zaxxer.hikari.pool.HikariPool        : HikariPool-1 - Added connection com.mysql.cj.jdbc.ConnectionImpl@4861cca9
2026-06-11T05:07:58.211-05:00  INFO 17808 --- [backend] [main] com.zaxxer.hikari.HikariDataSource       : HikariPool-1 - Start completed.
2026-06-11T05:07:58.279-05:00  INFO 17808 --- [backend] [main] org.hibernate.orm.jpa                    : HHH008540: Processing PersistenceUnitInfo [name: default]
2026-06-11T05:07:58.310-05:00  INFO 17808 --- [backend] [main] org.hibernate.orm.core                   : HHH000001: Hibernate ORM core version 7.2.7.Final
2026-06-11T05:07:58.705-05:00  INFO 17808 --- [backend] [main] o.s.o.j.p.SpringPersistenceUnitInfo      : No LoadTimeWeaver setup: ignoring JPA class transformer
2026-06-11T05:07:58.779-05:00  INFO 17808 --- [backend] [main] org.hibernate.orm.connections.pooling    : HHH10001005: Database info:
	Database JDBC URL [jdbc:mysql://localhost:3306/ceramic_store_db?createDatabaseIfNotExist=true]
	Database driver: MySQL Connector/J
	Database dialect: MySQLDialect
	Database version: 8.0.41
	Default catalog/schema: ceramic_store_db/undefined
	Autocommit mode: undefined/unknown
	Isolation level: REPEATABLE_READ [default REPEATABLE_READ]
	JDBC fetch size: none
	Pool: DataSourceConnectionProvider
	Minimum pool size: undefined/unknown
	Maximum pool size: undefined/unknown
2026-06-11T05:07:59.441-05:00  INFO 17808 --- [backend] [main] org.hibernate.orm.core                   : HHH000489: No JTA platform available (set 'hibernate.transaction.jta.platform' to enable JTA platform integration)
2026-06-11T05:07:59.514-05:00  INFO 17808 --- [backend] [main] j.LocalContainerEntityManagerFactoryBean : Initialized JPA EntityManagerFactory for persistence unit 'default'
2026-06-11T05:07:59.562-05:00  INFO 17808 --- [backend] [main] o.s.d.j.r.query.QueryEnhancerFactories   : Hibernate is in classpath; If applicable, HQL parser will be used.
2026-06-11T05:07:59.697-05:00 DEBUG 17808 --- [backend] [main] c.e.b.config.JwtAuthenticationFilter     : Filter 'jwtAuthenticationFilter' configured for use
2026-06-11T05:07:59.801-05:00  INFO 17808 --- [backend] [main] eAuthenticationProviderManagerConfigurer : Global AuthenticationManager configured with AuthenticationProvider bean with name authenticationProvider
2026-06-11T05:07:59.802-05:00  WARN 17808 --- [backend] [main] r$InitializeUserDetailsManagerConfigurer : Global AuthenticationManager configured with an AuthenticationProvider bean. UserDetailsService beans will not be used by Spring Security for automatically configuring username/password login. Consider removing the AuthenticationProvider bean. Alternatively, consider using the UserDetailsService in a manually instantiated DaoAuthenticationProvider. If the current configuration is intentional, to turn off this warning, increase the logging level of 'org.springframework.security.config.annotation.authentication.configuration.InitializeUserDetailsBeanManagerConfigurer' to ERROR
2026-06-11T05:07:59.849-05:00  WARN 17808 --- [backend] [main] JpaBaseConfiguration$JpaWebConfiguration : spring.jpa.open-in-view is enabled by default. Therefore, database queries may be performed during view rendering. Explicitly configure spring.jpa.open-in-view to disable this warning
2026-06-11T05:08:00.424-05:00  INFO 17808 --- [backend] [main] o.s.boot.tomcat.TomcatWebServer          : Tomcat started on port 8080 (http) with context path '/'
2026-06-11T05:08:00.429-05:00  INFO 17808 --- [backend] [main] com.example.backend.BackendApplication   : Started BackendApplication in 3.93 seconds (process running for 4.387)
2026-06-11T05:08:03.677-05:00  INFO 17808 --- [backend] [http-nio-8080-exec-2] o.a.c.c.C.[Tomcat].[localhost].[/]       : Initializing Spring DispatcherServlet 'dispatcherServlet'
2026-06-11T05:08:03.677-05:00  INFO 17808 --- [backend] [http-nio-8080-exec-2] o.s.web.servlet.DispatcherServlet        : Initializing Servlet 'dispatcherServlet'
2026-06-11T05:08:03.678-05:00  INFO 17808 --- [backend] [http-nio-8080-exec-2] o.s.web.servlet.DispatcherServlet        : Completed initialization in 1 ms
2026-06-11T05:11:41.278-05:00  INFO 17808 --- [backend] [SpringApplicationShutdownHook] o.s.boot.tomcat.GracefulShutdown         : Commencing graceful shutdown. Waiting for active requests to complete
2026-06-11T05:11:41.283-05:00  INFO 17808 --- [backend] [tomcat-shutdown] o.s.boot.tomcat.GracefulShutdown         : Graceful shutdown complete
2026-06-11T05:11:41.287-05:00  INFO 17808 --- [backend] [SpringApplicationShutdownHook] j.LocalContainerEntityManagerFactoryBean : Closing JPA EntityManagerFactory for persistence unit 'default'
2026-06-11T05:11:41.290-05:00  INFO 17808 --- [backend] [SpringApplicationShutdownHook] com.zaxxer.hikari.HikariDataSource       : HikariPool-1 - Shutdown initiated...
2026-06-11T05:11:41.303-05:00  INFO 17808 --- [backend] [SpringApplicationShutdownHook] com.zaxxer.hikari.HikariDataSource       : HikariPool-1 - Shutdown completed.
2026-06-11T05:11:44.180-05:00  INFO 26116 --- [backend] [main] com.example.backend.BackendApplication   : Starting BackendApplication using Java 21.0.6 with PID 26116 (D:\repositorios\proyecto_ceramica_backend\target\classes started by efrai in D:\repositorios\proyecto_ceramica_backend)
2026-06-11T05:11:44.182-05:00 DEBUG 26116 --- [backend] [main] com.example.backend.BackendApplication   : Running with Spring Boot v4.0.5, Spring v7.0.6
2026-06-11T05:11:44.183-05:00  INFO 26116 --- [backend] [main] com.example.backend.BackendApplication   : No active profile set, falling back to 1 default profile: "default"
2026-06-11T05:11:44.808-05:00  INFO 26116 --- [backend] [main] .s.d.r.c.RepositoryConfigurationDelegate : Bootstrapping Spring Data JPA repositories in DEFAULT mode.
2026-06-11T05:11:44.863-05:00  INFO 26116 --- [backend] [main] .s.d.r.c.RepositoryConfigurationDelegate : Finished Spring Data repository scanning in 49 ms. Found 6 JPA repository interfaces.
2026-06-11T05:11:45.320-05:00  INFO 26116 --- [backend] [main] o.s.boot.tomcat.TomcatWebServer          : Tomcat initialized with port 8080 (http)
2026-06-11T05:11:45.331-05:00  INFO 26116 --- [backend] [main] o.apache.catalina.core.StandardService   : Starting service [Tomcat]
2026-06-11T05:11:45.332-05:00  INFO 26116 --- [backend] [main] o.apache.catalina.core.StandardEngine    : Starting Servlet engine: [Apache Tomcat/11.0.20]
2026-06-11T05:11:45.387-05:00  INFO 26116 --- [backend] [main] b.w.c.s.WebApplicationContextInitializer : Root WebApplicationContext: initialization completed in 1160 ms
2026-06-11T05:11:45.468-05:00  INFO 26116 --- [backend] [main] com.zaxxer.hikari.HikariDataSource       : HikariPool-1 - Starting...
2026-06-11T05:11:45.755-05:00  INFO 26116 --- [backend] [main] com.zaxxer.hikari.pool.HikariPool        : HikariPool-1 - Added connection com.mysql.cj.jdbc.ConnectionImpl@6c07add6
2026-06-11T05:11:45.757-05:00  INFO 26116 --- [backend] [main] com.zaxxer.hikari.HikariDataSource       : HikariPool-1 - Start completed.
2026-06-11T05:11:45.831-05:00  INFO 26116 --- [backend] [main] org.hibernate.orm.jpa                    : HHH008540: Processing PersistenceUnitInfo [name: default]
2026-06-11T05:11:45.874-05:00  INFO 26116 --- [backend] [main] org.hibernate.orm.core                   : HHH000001: Hibernate ORM core version 7.2.7.Final
2026-06-11T05:11:46.319-05:00  INFO 26116 --- [backend] [main] o.s.o.j.p.SpringPersistenceUnitInfo      : No LoadTimeWeaver setup: ignoring JPA class transformer
2026-06-11T05:11:46.400-05:00  INFO 26116 --- [backend] [main] org.hibernate.orm.connections.pooling    : HHH10001005: Database info:
	Database JDBC URL [jdbc:mysql://localhost:3306/ceramic_store_db?createDatabaseIfNotExist=true]
	Database driver: MySQL Connector/J
	Database dialect: MySQLDialect
	Database version: 8.0.41
	Default catalog/schema: ceramic_store_db/undefined
	Autocommit mode: undefined/unknown
	Isolation level: REPEATABLE_READ [default REPEATABLE_READ]
	JDBC fetch size: none
	Pool: DataSourceConnectionProvider
	Minimum pool size: undefined/unknown
	Maximum pool size: undefined/unknown
2026-06-11T05:11:47.114-05:00  INFO 26116 --- [backend] [main] org.hibernate.orm.core                   : HHH000489: No JTA platform available (set 'hibernate.transaction.jta.platform' to enable JTA platform integration)
2026-06-11T05:11:47.197-05:00  INFO 26116 --- [backend] [main] j.LocalContainerEntityManagerFactoryBean : Initialized JPA EntityManagerFactory for persistence unit 'default'
2026-06-11T05:11:47.238-05:00  INFO 26116 --- [backend] [main] o.s.d.j.r.query.QueryEnhancerFactories   : Hibernate is in classpath; If applicable, HQL parser will be used.
2026-06-11T05:11:47.365-05:00 DEBUG 26116 --- [backend] [main] c.e.b.config.JwtAuthenticationFilter     : Filter 'jwtAuthenticationFilter' configured for use
2026-06-11T05:11:47.495-05:00  INFO 26116 --- [backend] [main] eAuthenticationProviderManagerConfigurer : Global AuthenticationManager configured with AuthenticationProvider bean with name authenticationProvider
2026-06-11T05:11:47.496-05:00  WARN 26116 --- [backend] [main] r$InitializeUserDetailsManagerConfigurer : Global AuthenticationManager configured with an AuthenticationProvider bean. UserDetailsService beans will not be used by Spring Security for automatically configuring username/password login. Consider removing the AuthenticationProvider bean. Alternatively, consider using the UserDetailsService in a manually instantiated DaoAuthenticationProvider. If the current configuration is intentional, to turn off this warning, increase the logging level of 'org.springframework.security.config.annotation.authentication.configuration.InitializeUserDetailsBeanManagerConfigurer' to ERROR
2026-06-11T05:11:47.557-05:00  WARN 26116 --- [backend] [main] JpaBaseConfiguration$JpaWebConfiguration : spring.jpa.open-in-view is enabled by default. Therefore, database queries may be performed during view rendering. Explicitly configure spring.jpa.open-in-view to disable this warning
2026-06-11T05:11:48.041-05:00  INFO 26116 --- [backend] [main] o.s.boot.tomcat.TomcatWebServer          : Tomcat started on port 8080 (http) with context path '/'
2026-06-11T05:11:48.045-05:00  INFO 26116 --- [backend] [main] com.example.backend.BackendApplication   : Started BackendApplication in 4.178 seconds (process running for 4.621)
2026-06-11T05:11:51.308-05:00  INFO 26116 --- [backend] [http-nio-8080-exec-2] o.a.c.c.C.[Tomcat].[localhost].[/]       : Initializing Spring DispatcherServlet 'dispatcherServlet'
2026-06-11T05:11:51.309-05:00  INFO 26116 --- [backend] [http-nio-8080-exec-2] o.s.web.servlet.DispatcherServlet        : Initializing Servlet 'dispatcherServlet'
2026-06-11T05:11:51.310-05:00  INFO 26116 --- [backend] [http-nio-8080-exec-2] o.s.web.servlet.DispatcherServlet        : Completed initialization in 1 ms
2026-06-11T05:13:24.419-05:00  INFO 26116 --- [backend] [http-nio-8080-exec-1] c.e.backend.services.ProductService      : Creando producto...
2026-06-11T05:13:24.454-05:00  INFO 26116 --- [backend] [http-nio-8080-exec-1] c.e.backend.services.ProductService      : Producto creado con id: 11
2026-06-11T05:56:44.879-05:00  INFO 26116 --- [backend] [http-nio-8080-exec-5] c.e.backend.services.ProductService      : Buscando producto id 11
2026-06-11T05:56:44.900-05:00  INFO 26116 --- [backend] [http-nio-8080-exec-5] c.e.backend.services.ProductService      : Producto encontrado: yatusabes
2026-06-11T05:56:44.980-05:00  INFO 26116 --- [backend] [http-nio-8080-exec-4] c.e.backend.services.ProductService      : Buscando producto id 11
2026-06-11T05:56:44.989-05:00  INFO 26116 --- [backend] [http-nio-8080-exec-4] c.e.backend.services.ProductService      : Producto encontrado: yatusabes
2026-06-11T05:56:49.137-05:00  INFO 26116 --- [backend] [http-nio-8080-exec-10] c.e.backend.services.ProductService      : Buscando producto id 6
2026-06-11T05:56:49.156-05:00  INFO 26116 --- [backend] [http-nio-8080-exec-10] c.e.backend.services.ProductService      : Producto encontrado: Jarrones
2026-06-11T05:56:49.166-05:00  INFO 26116 --- [backend] [http-nio-8080-exec-8] c.e.backend.services.ProductService      : Buscando producto id 6
2026-06-11T05:56:49.176-05:00  INFO 26116 --- [backend] [http-nio-8080-exec-8] c.e.backend.services.ProductService      : Producto encontrado: Jarrones
2026-06-11T05:56:52.174-05:00  INFO 26116 --- [backend] [http-nio-8080-exec-9] c.e.backend.services.ProductService      : Buscando producto id 10
2026-06-11T05:56:52.196-05:00  INFO 26116 --- [backend] [http-nio-8080-exec-9] c.e.backend.services.ProductService      : Producto encontrado: ROJITO
2026-06-11T05:56:52.218-05:00  INFO 26116 --- [backend] [http-nio-8080-exec-9] c.e.backend.services.ProductService      : Buscando producto id 10
2026-06-11T05:56:52.224-05:00  INFO 26116 --- [backend] [http-nio-8080-exec-9] c.e.backend.services.ProductService      : Producto encontrado: ROJITO
2026-06-11T05:56:56.167-05:00  INFO 26116 --- [backend] [http-nio-8080-exec-1] c.e.backend.services.ProductService      : Buscando producto id 6
2026-06-11T05:56:56.176-05:00  INFO 26116 --- [backend] [http-nio-8080-exec-1] c.e.backend.services.ProductService      : Producto encontrado: Jarrones
2026-06-11T05:56:56.189-05:00  INFO 26116 --- [backend] [http-nio-8080-exec-6] c.e.backend.services.ProductService      : Buscando producto id 6
2026-06-11T05:56:56.199-05:00  INFO 26116 --- [backend] [http-nio-8080-exec-6] c.e.backend.services.ProductService      : Producto encontrado: Jarrones
2026-06-11T05:56:58.797-05:00  INFO 26116 --- [backend] [http-nio-8080-exec-2] c.e.backend.services.ProductService      : Buscando producto id 7
2026-06-11T05:56:58.813-05:00  INFO 26116 --- [backend] [http-nio-8080-exec-2] c.e.backend.services.ProductService      : Producto encontrado: Frutas
2026-06-11T05:56:58.829-05:00  INFO 26116 --- [backend] [http-nio-8080-exec-2] c.e.backend.services.ProductService      : Buscando producto id 7
2026-06-11T05:56:58.838-05:00  INFO 26116 --- [backend] [http-nio-8080-exec-2] c.e.backend.services.ProductService      : Producto encontrado: Frutas
2026-06-11T05:57:40.194-05:00  INFO 26116 --- [backend] [http-nio-8080-exec-9] c.e.backend.services.ProductService      : Buscando producto id 6
2026-06-11T05:57:40.216-05:00  INFO 26116 --- [backend] [http-nio-8080-exec-9] c.e.backend.services.ProductService      : Producto encontrado: Jarrones
2026-06-11T05:57:40.228-05:00  INFO 26116 --- [backend] [http-nio-8080-exec-1] c.e.backend.services.ProductService      : Buscando producto id 6
2026-06-11T05:57:40.240-05:00  INFO 26116 --- [backend] [http-nio-8080-exec-1] c.e.backend.services.ProductService      : Producto encontrado: Jarrones
2026-06-11T05:57:48.708-05:00  INFO 26116 --- [backend] [http-nio-8080-exec-4] c.e.backend.services.ProductService      : Buscando producto id 7
2026-06-11T05:57:48.725-05:00  INFO 26116 --- [backend] [http-nio-8080-exec-4] c.e.backend.services.ProductService      : Producto encontrado: Frutas
2026-06-11T05:57:48.737-05:00  INFO 26116 --- [backend] [http-nio-8080-exec-3] c.e.backend.services.ProductService      : Buscando producto id 7
2026-06-11T05:57:48.747-05:00  INFO 26116 --- [backend] [http-nio-8080-exec-3] c.e.backend.services.ProductService      : Producto encontrado: Frutas
2026-06-11T05:58:45.945-05:00  INFO 26116 --- [backend] [http-nio-8080-exec-10] c.e.backend.services.ProductService      : Buscando producto con id 6
2026-06-11T05:58:46.001-05:00  INFO 26116 --- [backend] [http-nio-8080-exec-10] c.e.backend.services.ProductService      : Producto acutalizado con id: 6
2026-06-11T05:59:05.535-05:00  INFO 26116 --- [backend] [http-nio-8080-exec-9] c.e.backend.services.ProductService      : Buscando producto con id 7
2026-06-11T05:59:05.579-05:00  INFO 26116 --- [backend] [http-nio-8080-exec-9] c.e.backend.services.ProductService      : Producto acutalizado con id: 7
2026-06-11T06:02:17.463-05:00  INFO 26116 --- [backend] [http-nio-8080-exec-8] c.e.backend.services.ProductService      : Buscando producto id 1
2026-06-11T06:02:17.484-05:00  INFO 26116 --- [backend] [http-nio-8080-exec-8] c.e.backend.services.ProductService      : Producto encontrado: Loro
2026-06-11T06:02:17.504-05:00  INFO 26116 --- [backend] [http-nio-8080-exec-7] c.e.backend.services.ProductService      : Buscando producto id 1
2026-06-11T06:02:17.514-05:00  INFO 26116 --- [backend] [http-nio-8080-exec-7] c.e.backend.services.ProductService      : Producto encontrado: Loro
2026-06-11T06:02:21.381-05:00  INFO 26116 --- [backend] [http-nio-8080-exec-9] c.e.backend.services.ProductService      : Buscando producto id 4
2026-06-11T06:02:21.398-05:00  INFO 26116 --- [backend] [http-nio-8080-exec-9] c.e.backend.services.ProductService      : Producto encontrado: Buho
2026-06-11T06:02:21.416-05:00  INFO 26116 --- [backend] [http-nio-8080-exec-1] c.e.backend.services.ProductService      : Buscando producto id 4
2026-06-11T06:02:21.425-05:00  INFO 26116 --- [backend] [http-nio-8080-exec-1] c.e.backend.services.ProductService      : Producto encontrado: Buho
2026-06-11T06:06:58.241-05:00  INFO 26116 --- [backend] [http-nio-8080-exec-6] c.e.backend.services.ProductService      : Buscando producto id 1
2026-06-11T06:06:58.257-05:00  INFO 26116 --- [backend] [http-nio-8080-exec-6] c.e.backend.services.ProductService      : Producto encontrado: Loro
2026-06-11T06:06:58.278-05:00  INFO 26116 --- [backend] [http-nio-8080-exec-3] c.e.backend.services.ProductService      : Buscando producto id 1
2026-06-11T06:06:58.285-05:00  INFO 26116 --- [backend] [http-nio-8080-exec-3] c.e.backend.services.ProductService      : Producto encontrado: Loro
2026-06-11T06:07:00.448-05:00  INFO 26116 --- [backend] [http-nio-8080-exec-2] c.e.backend.services.ProductService      : Buscando producto id 2
2026-06-11T06:07:00.468-05:00  INFO 26116 --- [backend] [http-nio-8080-exec-2] c.e.backend.services.ProductService      : Producto encontrado: Delfin Rosado
2026-06-11T06:07:00.479-05:00  INFO 26116 --- [backend] [http-nio-8080-exec-10] c.e.backend.services.ProductService      : Buscando producto id 2
2026-06-11T06:07:00.488-05:00  INFO 26116 --- [backend] [http-nio-8080-exec-10] c.e.backend.services.ProductService      : Producto encontrado: Delfin Rosado
2026-06-11T06:07:03.428-05:00  INFO 26116 --- [backend] [http-nio-8080-exec-8] c.e.backend.services.ProductService      : Buscando producto id 3
2026-06-11T06:07:03.443-05:00  INFO 26116 --- [backend] [http-nio-8080-exec-8] c.e.backend.services.ProductService      : Producto encontrado: Brujas
2026-06-11T06:07:03.461-05:00  INFO 26116 --- [backend] [http-nio-8080-exec-8] c.e.backend.services.ProductService      : Buscando producto id 3
2026-06-11T06:07:03.472-05:00  INFO 26116 --- [backend] [http-nio-8080-exec-8] c.e.backend.services.ProductService      : Producto encontrado: Brujas
2026-06-11T06:07:53.900-05:00  INFO 26116 --- [backend] [http-nio-8080-exec-9] c.e.backend.services.ProductService      : Buscando producto id 4
2026-06-11T06:07:53.920-05:00  INFO 26116 --- [backend] [http-nio-8080-exec-9] c.e.backend.services.ProductService      : Producto encontrado: Buho
2026-06-11T06:07:53.934-05:00  INFO 26116 --- [backend] [http-nio-8080-exec-1] c.e.backend.services.ProductService      : Buscando producto id 4
2026-06-11T06:07:53.942-05:00  INFO 26116 --- [backend] [http-nio-8080-exec-1] c.e.backend.services.ProductService      : Producto encontrado: Buho
2026-06-11T06:07:57.011-05:00  INFO 26116 --- [backend] [http-nio-8080-exec-5] c.e.backend.services.ProductService      : Buscando producto id 3
2026-06-11T06:07:57.025-05:00  INFO 26116 --- [backend] [http-nio-8080-exec-5] c.e.backend.services.ProductService      : Producto encontrado: Brujas
2026-06-11T06:07:57.045-05:00  INFO 26116 --- [backend] [http-nio-8080-exec-4] c.e.backend.services.ProductService      : Buscando producto id 3
2026-06-11T06:07:57.051-05:00  INFO 26116 --- [backend] [http-nio-8080-exec-4] c.e.backend.services.ProductService      : Producto encontrado: Brujas
2026-06-11T06:09:33.198-05:00  INFO 26116 --- [backend] [http-nio-8080-exec-8] c.e.backend.services.ProductService      : Buscando producto id 8
2026-06-11T06:09:33.212-05:00  INFO 26116 --- [backend] [http-nio-8080-exec-8] c.e.backend.services.ProductService      : Producto encontrado: Brujas
2026-06-11T06:12:58.902-05:00  INFO 26116 --- [backend] [http-nio-8080-exec-5] c.e.backend.services.ProductService      : Buscando producto id 6
2026-06-11T06:12:58.914-05:00  INFO 26116 --- [backend] [http-nio-8080-exec-5] c.e.backend.services.ProductService      : Producto encontrado: Jarrones 3
2026-06-11T06:12:58.936-05:00  INFO 26116 --- [backend] [http-nio-8080-exec-1] c.e.backend.services.ProductService      : Buscando producto id 6
2026-06-11T06:12:58.941-05:00  INFO 26116 --- [backend] [http-nio-8080-exec-1] c.e.backend.services.ProductService      : Producto encontrado: Jarrones 3
2026-06-11T06:13:03.958-05:00  INFO 26116 --- [backend] [http-nio-8080-exec-6] c.e.backend.services.ProductService      : Buscando producto id 1
2026-06-11T06:13:03.973-05:00  INFO 26116 --- [backend] [http-nio-8080-exec-6] c.e.backend.services.ProductService      : Producto encontrado: Loro
2026-06-11T06:13:03.990-05:00  INFO 26116 --- [backend] [http-nio-8080-exec-6] c.e.backend.services.ProductService      : Buscando producto id 1
2026-06-11T06:13:03.998-05:00  INFO 26116 --- [backend] [http-nio-8080-exec-6] c.e.backend.services.ProductService      : Producto encontrado: Loro
2026-06-11T06:19:40.131-05:00  INFO 26116 --- [backend] [http-nio-8080-exec-7] c.e.backend.services.ProductService      : Buscando producto con id 1
2026-06-11T06:19:40.160-05:00  INFO 26116 --- [backend] [http-nio-8080-exec-7] c.e.backend.services.ProductService      : Producto inactivo: 1
2026-06-11T06:19:42.120-05:00  INFO 26116 --- [backend] [http-nio-8080-exec-1] c.e.backend.services.ProductService      : Buscando producto con id 2
2026-06-11T06:19:42.147-05:00  INFO 26116 --- [backend] [http-nio-8080-exec-1] c.e.backend.services.ProductService      : Producto inactivo: 2
2026-06-11T06:19:43.910-05:00  INFO 26116 --- [backend] [http-nio-8080-exec-3] c.e.backend.services.ProductService      : Buscando producto con id 4
2026-06-11T06:19:43.931-05:00  INFO 26116 --- [backend] [http-nio-8080-exec-3] c.e.backend.services.ProductService      : Producto inactivo: 4
2026-06-11T06:19:45.644-05:00  INFO 26116 --- [backend] [http-nio-8080-exec-6] c.e.backend.services.ProductService      : Buscando producto con id 5
2026-06-11T06:19:45.674-05:00  INFO 26116 --- [backend] [http-nio-8080-exec-6] c.e.backend.services.ProductService      : Producto inactivo: 5
2026-06-11T06:19:47.904-05:00  INFO 26116 --- [backend] [http-nio-8080-exec-2] c.e.backend.services.ProductService      : Buscando producto con id 6
2026-06-11T06:19:47.923-05:00  INFO 26116 --- [backend] [http-nio-8080-exec-2] c.e.backend.services.ProductService      : Producto inactivo: 6
2026-06-11T06:19:50.010-05:00  INFO 26116 --- [backend] [http-nio-8080-exec-7] c.e.backend.services.ProductService      : Buscando producto con id 7
2026-06-11T06:19:50.034-05:00  INFO 26116 --- [backend] [http-nio-8080-exec-7] c.e.backend.services.ProductService      : Producto inactivo: 7
2026-06-11T06:19:51.273-05:00  INFO 26116 --- [backend] [http-nio-8080-exec-1] c.e.backend.services.ProductService      : Buscando producto con id 8
2026-06-11T06:19:51.291-05:00  INFO 26116 --- [backend] [http-nio-8080-exec-1] c.e.backend.services.ProductService      : Producto inactivo: 8
2026-06-11T06:19:52.594-05:00  INFO 26116 --- [backend] [http-nio-8080-exec-3] c.e.backend.services.ProductService      : Buscando producto con id 9
2026-06-11T06:19:52.616-05:00  INFO 26116 --- [backend] [http-nio-8080-exec-3] c.e.backend.services.ProductService      : Producto inactivo: 9
2026-06-11T06:19:54.884-05:00  INFO 26116 --- [backend] [http-nio-8080-exec-6] c.e.backend.services.ProductService      : Buscando producto con id 10
2026-06-11T06:19:54.907-05:00  INFO 26116 --- [backend] [http-nio-8080-exec-6] c.e.backend.services.ProductService      : Producto inactivo: 10
2026-06-11T06:19:56.347-05:00  INFO 26116 --- [backend] [http-nio-8080-exec-2] c.e.backend.services.ProductService      : Buscando producto con id 11
2026-06-11T06:19:56.364-05:00  INFO 26116 --- [backend] [http-nio-8080-exec-2] c.e.backend.services.ProductService      : Producto inactivo: 11
2026-06-11T06:21:14.462-05:00  INFO 26116 --- [backend] [http-nio-8080-exec-6] c.e.backend.services.ProductService      : Creando producto...
2026-06-11T06:21:14.480-05:00  INFO 26116 --- [backend] [http-nio-8080-exec-6] c.e.backend.services.ProductService      : Producto creado con id: 12
2026-06-11T06:21:45.392-05:00  INFO 26116 --- [backend] [http-nio-8080-exec-8] c.e.backend.services.ProductService      : Creando producto...
2026-06-11T06:21:45.420-05:00  INFO 26116 --- [backend] [http-nio-8080-exec-8] c.e.backend.services.ProductService      : Producto creado con id: 13
2026-06-11T06:22:11.985-05:00  INFO 26116 --- [backend] [http-nio-8080-exec-4] c.e.backend.services.ProductService      : Creando producto...
2026-06-11T06:22:12.005-05:00  INFO 26116 --- [backend] [http-nio-8080-exec-4] c.e.backend.services.ProductService      : Producto creado con id: 14
2026-06-11T06:22:40.344-05:00  INFO 26116 --- [backend] [http-nio-8080-exec-9] c.e.backend.services.ProductService      : Creando producto...
2026-06-11T06:22:40.358-05:00  INFO 26116 --- [backend] [http-nio-8080-exec-9] c.e.backend.services.ProductService      : Producto creado con id: 15
2026-06-11T06:23:10.518-05:00  INFO 26116 --- [backend] [http-nio-8080-exec-2] c.e.backend.services.ProductService      : Creando producto...
2026-06-11T06:23:10.532-05:00  INFO 26116 --- [backend] [http-nio-8080-exec-2] c.e.backend.services.ProductService      : Producto creado con id: 16
2026-06-11T06:23:37.344-05:00  INFO 26116 --- [backend] [http-nio-8080-exec-5] c.e.backend.services.ProductService      : Creando producto...
2026-06-11T06:23:37.358-05:00  INFO 26116 --- [backend] [http-nio-8080-exec-5] c.e.backend.services.ProductService      : Producto creado con id: 17
2026-06-11T06:23:51.981-05:00  INFO 26116 --- [backend] [http-nio-8080-exec-7] c.e.backend.services.ProductService      : Creando producto...
2026-06-11T06:23:52.030-05:00  INFO 26116 --- [backend] [http-nio-8080-exec-7] c.e.backend.services.ProductService      : Producto creado con id: 18
2026-06-11T06:24:17.272-05:00  INFO 26116 --- [backend] [http-nio-8080-exec-4] c.e.backend.services.ProductService      : Creando producto...
2026-06-11T06:24:17.332-05:00  INFO 26116 --- [backend] [http-nio-8080-exec-4] c.e.backend.services.ProductService      : Producto creado con id: 19
2026-06-11T06:25:22.270-05:00  INFO 26116 --- [backend] [http-nio-8080-exec-6] c.e.backend.services.ProductService      : Creando producto...
2026-06-11T06:25:22.284-05:00  INFO 26116 --- [backend] [http-nio-8080-exec-6] c.e.backend.services.ProductService      : Producto creado con id: 20
2026-06-11T06:25:42.333-05:00  INFO 26116 --- [backend] [http-nio-8080-exec-8] c.e.backend.services.ProductService      : Creando producto...
2026-06-11T06:25:42.352-05:00  INFO 26116 --- [backend] [http-nio-8080-exec-8] c.e.backend.services.ProductService      : Producto creado con id: 21
2026-06-11T06:26:06.616-05:00  INFO 26116 --- [backend] [http-nio-8080-exec-10] c.e.backend.services.ProductService      : Creando producto...
2026-06-11T06:26:06.628-05:00  INFO 26116 --- [backend] [http-nio-8080-exec-10] c.e.backend.services.ProductService      : Producto creado con id: 22
2026-06-11T06:26:39.157-05:00  INFO 26116 --- [backend] [http-nio-8080-exec-1] c.e.backend.services.ProductService      : Creando producto...
2026-06-11T06:26:39.178-05:00  INFO 26116 --- [backend] [http-nio-8080-exec-1] c.e.backend.services.ProductService      : Producto creado con id: 23
2026-06-11T06:26:54.330-05:00  INFO 26116 --- [backend] [http-nio-8080-exec-9] c.e.backend.services.ProductService      : Buscando producto id 20
2026-06-11T06:26:54.347-05:00  INFO 26116 --- [backend] [http-nio-8080-exec-9] c.e.backend.services.ProductService      : Producto encontrado: Aguila
2026-06-11T06:26:54.361-05:00  INFO 26116 --- [backend] [http-nio-8080-exec-6] c.e.backend.services.ProductService      : Buscando producto id 20
2026-06-11T06:26:54.367-05:00  INFO 26116 --- [backend] [http-nio-8080-exec-6] c.e.backend.services.ProductService      : Producto encontrado: Aguila
2026-06-11T06:27:50.285-05:00  INFO 26116 --- [backend] [http-nio-8080-exec-5] c.e.backend.services.ProductService      : Buscando producto id 20
2026-06-11T06:27:50.292-05:00  INFO 26116 --- [backend] [http-nio-8080-exec-5] c.e.backend.services.ProductService      : Producto encontrado: Aguila
2026-06-11T06:42:47.907-05:00  INFO 26116 --- [backend] [http-nio-8080-exec-3] c.e.backend.services.ProductService      : Buscando producto id 20
2026-06-11T06:42:47.918-05:00  INFO 26116 --- [backend] [http-nio-8080-exec-3] c.e.backend.services.ProductService      : Producto encontrado: Aguila
2026-06-11T06:42:58.985-05:00  INFO 26116 --- [backend] [SpringApplicationShutdownHook] o.s.boot.tomcat.GracefulShutdown         : Commencing graceful shutdown. Waiting for active requests to complete
2026-06-11T06:42:58.990-05:00  INFO 26116 --- [backend] [tomcat-shutdown] o.s.boot.tomcat.GracefulShutdown         : Graceful shutdown complete
2026-06-11T06:42:59.002-05:00  INFO 26116 --- [backend] [SpringApplicationShutdownHook] j.LocalContainerEntityManagerFactoryBean : Closing JPA EntityManagerFactory for persistence unit 'default'
2026-06-11T06:42:59.006-05:00  INFO 26116 --- [backend] [SpringApplicationShutdownHook] com.zaxxer.hikari.HikariDataSource       : HikariPool-1 - Shutdown initiated...
2026-06-11T06:42:59.011-05:00  INFO 26116 --- [backend] [SpringApplicationShutdownHook] com.zaxxer.hikari.HikariDataSource       : HikariPool-1 - Shutdown completed.
2026-06-11T06:43:02.785-05:00  INFO 19684 --- [backend] [main] com.example.backend.BackendApplication   : Starting BackendApplication using Java 21.0.6 with PID 19684 (D:\repositorios\proyecto_ceramica_backend\target\classes started by efrai in D:\repositorios\proyecto_ceramica_backend)
2026-06-11T06:43:02.788-05:00 DEBUG 19684 --- [backend] [main] com.example.backend.BackendApplication   : Running with Spring Boot v4.0.5, Spring v7.0.6
2026-06-11T06:43:02.789-05:00  INFO 19684 --- [backend] [main] com.example.backend.BackendApplication   : No active profile set, falling back to 1 default profile: "default"
2026-06-11T06:43:03.406-05:00  INFO 19684 --- [backend] [main] .s.d.r.c.RepositoryConfigurationDelegate : Bootstrapping Spring Data JPA repositories in DEFAULT mode.
2026-06-11T06:43:03.459-05:00  INFO 19684 --- [backend] [main] .s.d.r.c.RepositoryConfigurationDelegate : Finished Spring Data repository scanning in 45 ms. Found 6 JPA repository interfaces.
2026-06-11T06:43:04.004-05:00  INFO 19684 --- [backend] [main] o.s.boot.tomcat.TomcatWebServer          : Tomcat initialized with port 8080 (http)
2026-06-11T06:43:04.016-05:00  INFO 19684 --- [backend] [main] o.apache.catalina.core.StandardService   : Starting service [Tomcat]
2026-06-11T06:43:04.016-05:00  INFO 19684 --- [backend] [main] o.apache.catalina.core.StandardEngine    : Starting Servlet engine: [Apache Tomcat/11.0.20]
2026-06-11T06:43:04.064-05:00  INFO 19684 --- [backend] [main] b.w.c.s.WebApplicationContextInitializer : Root WebApplicationContext: initialization completed in 1230 ms
2026-06-11T06:43:04.134-05:00  INFO 19684 --- [backend] [main] com.zaxxer.hikari.HikariDataSource       : HikariPool-1 - Starting...
2026-06-11T06:43:04.474-05:00  INFO 19684 --- [backend] [main] com.zaxxer.hikari.pool.HikariPool        : HikariPool-1 - Added connection com.mysql.cj.jdbc.ConnectionImpl@54489296
2026-06-11T06:43:04.476-05:00  INFO 19684 --- [backend] [main] com.zaxxer.hikari.HikariDataSource       : HikariPool-1 - Start completed.
2026-06-11T06:43:04.560-05:00  INFO 19684 --- [backend] [main] org.hibernate.orm.jpa                    : HHH008540: Processing PersistenceUnitInfo [name: default]
2026-06-11T06:43:04.619-05:00  INFO 19684 --- [backend] [main] org.hibernate.orm.core                   : HHH000001: Hibernate ORM core version 7.2.7.Final
2026-06-11T06:43:05.078-05:00  INFO 19684 --- [backend] [main] o.s.o.j.p.SpringPersistenceUnitInfo      : No LoadTimeWeaver setup: ignoring JPA class transformer
2026-06-11T06:43:05.161-05:00  INFO 19684 --- [backend] [main] org.hibernate.orm.connections.pooling    : HHH10001005: Database info:
	Database JDBC URL [jdbc:mysql://localhost:3306/ceramic_store_db?createDatabaseIfNotExist=true]
	Database driver: MySQL Connector/J
	Database dialect: MySQLDialect
	Database version: 8.0.41
	Default catalog/schema: ceramic_store_db/undefined
	Autocommit mode: undefined/unknown
	Isolation level: REPEATABLE_READ [default REPEATABLE_READ]
	JDBC fetch size: none
	Pool: DataSourceConnectionProvider
	Minimum pool size: undefined/unknown
	Maximum pool size: undefined/unknown
2026-06-11T06:43:05.928-05:00  INFO 19684 --- [backend] [main] org.hibernate.orm.core                   : HHH000489: No JTA platform available (set 'hibernate.transaction.jta.platform' to enable JTA platform integration)
2026-06-11T06:43:06.010-05:00  INFO 19684 --- [backend] [main] j.LocalContainerEntityManagerFactoryBean : Initialized JPA EntityManagerFactory for persistence unit 'default'
2026-06-11T06:43:06.054-05:00  INFO 19684 --- [backend] [main] o.s.d.j.r.query.QueryEnhancerFactories   : Hibernate is in classpath; If applicable, HQL parser will be used.
2026-06-11T06:43:06.192-05:00 DEBUG 19684 --- [backend] [main] c.e.b.config.JwtAuthenticationFilter     : Filter 'jwtAuthenticationFilter' configured for use
2026-06-11T06:43:06.745-05:00  INFO 19684 --- [backend] [main] eAuthenticationProviderManagerConfigurer : Global AuthenticationManager configured with AuthenticationProvider bean with name authenticationProvider
2026-06-11T06:43:06.745-05:00  WARN 19684 --- [backend] [main] r$InitializeUserDetailsManagerConfigurer : Global AuthenticationManager configured with an AuthenticationProvider bean. UserDetailsService beans will not be used by Spring Security for automatically configuring username/password login. Consider removing the AuthenticationProvider bean. Alternatively, consider using the UserDetailsService in a manually instantiated DaoAuthenticationProvider. If the current configuration is intentional, to turn off this warning, increase the logging level of 'org.springframework.security.config.annotation.authentication.configuration.InitializeUserDetailsBeanManagerConfigurer' to ERROR
2026-06-11T06:43:06.800-05:00  WARN 19684 --- [backend] [main] JpaBaseConfiguration$JpaWebConfiguration : spring.jpa.open-in-view is enabled by default. Therefore, database queries may be performed during view rendering. Explicitly configure spring.jpa.open-in-view to disable this warning
2026-06-11T06:43:07.286-05:00  INFO 19684 --- [backend] [main] o.s.boot.tomcat.TomcatWebServer          : Tomcat started on port 8080 (http) with context path '/'
2026-06-11T06:43:07.291-05:00  INFO 19684 --- [backend] [main] com.example.backend.BackendApplication   : Started BackendApplication in 4.823 seconds (process running for 5.259)
2026-06-11T06:43:11.460-05:00  INFO 19684 --- [backend] [http-nio-8080-exec-1] o.a.c.c.C.[Tomcat].[localhost].[/]       : Initializing Spring DispatcherServlet 'dispatcherServlet'
2026-06-11T06:43:11.461-05:00  INFO 19684 --- [backend] [http-nio-8080-exec-1] o.s.web.servlet.DispatcherServlet        : Initializing Servlet 'dispatcherServlet'
2026-06-11T06:43:11.462-05:00  INFO 19684 --- [backend] [http-nio-8080-exec-1] o.s.web.servlet.DispatcherServlet        : Completed initialization in 1 ms
2026-06-11T06:57:33.568-05:00  INFO 19684 --- [backend] [SpringApplicationShutdownHook] o.s.boot.tomcat.GracefulShutdown         : Commencing graceful shutdown. Waiting for active requests to complete
2026-06-11T06:57:33.573-05:00  INFO 19684 --- [backend] [tomcat-shutdown] o.s.boot.tomcat.GracefulShutdown         : Graceful shutdown complete
2026-06-11T06:57:33.578-05:00  INFO 19684 --- [backend] [SpringApplicationShutdownHook] j.LocalContainerEntityManagerFactoryBean : Closing JPA EntityManagerFactory for persistence unit 'default'
2026-06-11T06:57:33.584-05:00  INFO 19684 --- [backend] [SpringApplicationShutdownHook] com.zaxxer.hikari.HikariDataSource       : HikariPool-1 - Shutdown initiated...
2026-06-11T06:57:33.590-05:00  INFO 19684 --- [backend] [SpringApplicationShutdownHook] com.zaxxer.hikari.HikariDataSource       : HikariPool-1 - Shutdown completed.
2026-06-11T06:57:36.778-05:00  INFO 27252 --- [backend] [main] com.example.backend.BackendApplication   : Starting BackendApplication using Java 21.0.6 with PID 27252 (D:\repositorios\proyecto_ceramica_backend\target\classes started by efrai in D:\repositorios\proyecto_ceramica_backend)
2026-06-11T06:57:36.781-05:00 DEBUG 27252 --- [backend] [main] com.example.backend.BackendApplication   : Running with Spring Boot v4.0.5, Spring v7.0.6
2026-06-11T06:57:36.782-05:00  INFO 27252 --- [backend] [main] com.example.backend.BackendApplication   : No active profile set, falling back to 1 default profile: "default"
2026-06-11T06:57:37.365-05:00  INFO 27252 --- [backend] [main] .s.d.r.c.RepositoryConfigurationDelegate : Bootstrapping Spring Data JPA repositories in DEFAULT mode.
2026-06-11T06:57:37.414-05:00  INFO 27252 --- [backend] [main] .s.d.r.c.RepositoryConfigurationDelegate : Finished Spring Data repository scanning in 42 ms. Found 6 JPA repository interfaces.
2026-06-11T06:57:37.905-05:00  INFO 27252 --- [backend] [main] o.s.boot.tomcat.TomcatWebServer          : Tomcat initialized with port 8080 (http)
2026-06-11T06:57:37.915-05:00  INFO 27252 --- [backend] [main] o.apache.catalina.core.StandardService   : Starting service [Tomcat]
2026-06-11T06:57:37.916-05:00  INFO 27252 --- [backend] [main] o.apache.catalina.core.StandardEngine    : Starting Servlet engine: [Apache Tomcat/11.0.20]
2026-06-11T06:57:37.967-05:00  INFO 27252 --- [backend] [main] b.w.c.s.WebApplicationContextInitializer : Root WebApplicationContext: initialization completed in 1143 ms
2026-06-11T06:57:38.013-05:00  INFO 27252 --- [backend] [main] com.zaxxer.hikari.HikariDataSource       : HikariPool-1 - Starting...
2026-06-11T06:57:38.346-05:00  INFO 27252 --- [backend] [main] com.zaxxer.hikari.pool.HikariPool        : HikariPool-1 - Added connection com.mysql.cj.jdbc.ConnectionImpl@6c8f4bc7
2026-06-11T06:57:38.349-05:00  INFO 27252 --- [backend] [main] com.zaxxer.hikari.HikariDataSource       : HikariPool-1 - Start completed.
2026-06-11T06:57:38.429-05:00  INFO 27252 --- [backend] [main] org.hibernate.orm.jpa                    : HHH008540: Processing PersistenceUnitInfo [name: default]
2026-06-11T06:57:38.485-05:00  INFO 27252 --- [backend] [main] org.hibernate.orm.core                   : HHH000001: Hibernate ORM core version 7.2.7.Final
2026-06-11T06:57:38.937-05:00  INFO 27252 --- [backend] [main] o.s.o.j.p.SpringPersistenceUnitInfo      : No LoadTimeWeaver setup: ignoring JPA class transformer
2026-06-11T06:57:39.019-05:00  INFO 27252 --- [backend] [main] org.hibernate.orm.connections.pooling    : HHH10001005: Database info:
	Database JDBC URL [jdbc:mysql://localhost:3306/ceramic_store_db?createDatabaseIfNotExist=true]
	Database driver: MySQL Connector/J
	Database dialect: MySQLDialect
	Database version: 8.0.41
	Default catalog/schema: ceramic_store_db/undefined
	Autocommit mode: undefined/unknown
	Isolation level: REPEATABLE_READ [default REPEATABLE_READ]
	JDBC fetch size: none
	Pool: DataSourceConnectionProvider
	Minimum pool size: undefined/unknown
	Maximum pool size: undefined/unknown
2026-06-11T06:57:39.773-05:00  INFO 27252 --- [backend] [main] org.hibernate.orm.core                   : HHH000489: No JTA platform available (set 'hibernate.transaction.jta.platform' to enable JTA platform integration)
2026-06-11T06:57:39.843-05:00  INFO 27252 --- [backend] [main] j.LocalContainerEntityManagerFactoryBean : Initialized JPA EntityManagerFactory for persistence unit 'default'
2026-06-11T06:57:39.885-05:00  INFO 27252 --- [backend] [main] o.s.d.j.r.query.QueryEnhancerFactories   : Hibernate is in classpath; If applicable, HQL parser will be used.
2026-06-11T06:57:40.039-05:00 DEBUG 27252 --- [backend] [main] c.e.b.config.JwtAuthenticationFilter     : Filter 'jwtAuthenticationFilter' configured for use
2026-06-11T06:57:40.626-05:00  INFO 27252 --- [backend] [main] eAuthenticationProviderManagerConfigurer : Global AuthenticationManager configured with AuthenticationProvider bean with name authenticationProvider
2026-06-11T06:57:40.628-05:00  WARN 27252 --- [backend] [main] r$InitializeUserDetailsManagerConfigurer : Global AuthenticationManager configured with an AuthenticationProvider bean. UserDetailsService beans will not be used by Spring Security for automatically configuring username/password login. Consider removing the AuthenticationProvider bean. Alternatively, consider using the UserDetailsService in a manually instantiated DaoAuthenticationProvider. If the current configuration is intentional, to turn off this warning, increase the logging level of 'org.springframework.security.config.annotation.authentication.configuration.InitializeUserDetailsBeanManagerConfigurer' to ERROR
2026-06-11T06:57:40.720-05:00  WARN 27252 --- [backend] [main] JpaBaseConfiguration$JpaWebConfiguration : spring.jpa.open-in-view is enabled by default. Therefore, database queries may be performed during view rendering. Explicitly configure spring.jpa.open-in-view to disable this warning
2026-06-11T06:57:41.285-05:00  INFO 27252 --- [backend] [main] o.s.boot.tomcat.TomcatWebServer          : Tomcat started on port 8080 (http) with context path '/'
2026-06-11T06:57:41.290-05:00  INFO 27252 --- [backend] [main] com.example.backend.BackendApplication   : Started BackendApplication in 4.834 seconds (process running for 5.282)
2026-06-11T06:57:44.068-05:00  INFO 27252 --- [backend] [http-nio-8080-exec-1] o.a.c.c.C.[Tomcat].[localhost].[/]       : Initializing Spring DispatcherServlet 'dispatcherServlet'
2026-06-11T06:57:44.068-05:00  INFO 27252 --- [backend] [http-nio-8080-exec-1] o.s.web.servlet.DispatcherServlet        : Initializing Servlet 'dispatcherServlet'
2026-06-11T06:57:44.070-05:00  INFO 27252 --- [backend] [http-nio-8080-exec-1] o.s.web.servlet.DispatcherServlet        : Completed initialization in 2 ms
2026-06-15T13:38:57.471-05:00  INFO 22516 --- [backend] [main] com.example.backend.BackendApplication   : Starting BackendApplication using Java 21.0.6 with PID 22516 (D:\repositorios\proyecto_ceramica_backend\target\classes started by efrai in D:\repositorios\proyecto_ceramica_backend)
2026-06-15T13:38:57.475-05:00 DEBUG 22516 --- [backend] [main] com.example.backend.BackendApplication   : Running with Spring Boot v4.0.5, Spring v7.0.6
2026-06-15T13:38:57.476-05:00  INFO 22516 --- [backend] [main] com.example.backend.BackendApplication   : No active profile set, falling back to 1 default profile: "default"
2026-06-15T13:38:58.190-05:00  INFO 22516 --- [backend] [main] .s.d.r.c.RepositoryConfigurationDelegate : Bootstrapping Spring Data JPA repositories in DEFAULT mode.
2026-06-15T13:38:58.240-05:00  INFO 22516 --- [backend] [main] .s.d.r.c.RepositoryConfigurationDelegate : Finished Spring Data repository scanning in 43 ms. Found 6 JPA repository interfaces.
2026-06-15T13:38:58.741-05:00  INFO 22516 --- [backend] [main] o.s.boot.tomcat.TomcatWebServer          : Tomcat initialized with port 8080 (http)
2026-06-15T13:38:58.753-05:00  INFO 22516 --- [backend] [main] o.apache.catalina.core.StandardService   : Starting service [Tomcat]
2026-06-15T13:38:58.753-05:00  INFO 22516 --- [backend] [main] o.apache.catalina.core.StandardEngine    : Starting Servlet engine: [Apache Tomcat/11.0.20]
2026-06-15T13:38:58.799-05:00  INFO 22516 --- [backend] [main] b.w.c.s.WebApplicationContextInitializer : Root WebApplicationContext: initialization completed in 1264 ms
2026-06-15T13:38:58.849-05:00  INFO 22516 --- [backend] [main] com.zaxxer.hikari.HikariDataSource       : HikariPool-1 - Starting...
2026-06-15T13:38:59.124-05:00  INFO 22516 --- [backend] [main] com.zaxxer.hikari.pool.HikariPool        : HikariPool-1 - Added connection com.mysql.cj.jdbc.ConnectionImpl@714e861f
2026-06-15T13:38:59.126-05:00  INFO 22516 --- [backend] [main] com.zaxxer.hikari.HikariDataSource       : HikariPool-1 - Start completed.
2026-06-15T13:38:59.207-05:00  INFO 22516 --- [backend] [main] org.hibernate.orm.jpa                    : HHH008540: Processing PersistenceUnitInfo [name: default]
2026-06-15T13:38:59.264-05:00  INFO 22516 --- [backend] [main] org.hibernate.orm.core                   : HHH000001: Hibernate ORM core version 7.2.7.Final
2026-06-15T13:38:59.792-05:00  INFO 22516 --- [backend] [main] o.s.o.j.p.SpringPersistenceUnitInfo      : No LoadTimeWeaver setup: ignoring JPA class transformer
2026-06-15T13:38:59.876-05:00  INFO 22516 --- [backend] [main] org.hibernate.orm.connections.pooling    : HHH10001005: Database info:
	Database JDBC URL [jdbc:mysql://localhost:3306/ceramic_store_db?createDatabaseIfNotExist=true]
	Database driver: MySQL Connector/J
	Database dialect: MySQLDialect
	Database version: 8.0.41
	Default catalog/schema: ceramic_store_db/undefined
	Autocommit mode: undefined/unknown
	Isolation level: REPEATABLE_READ [default REPEATABLE_READ]
	JDBC fetch size: none
	Pool: DataSourceConnectionProvider
	Minimum pool size: undefined/unknown
	Maximum pool size: undefined/unknown
2026-06-15T13:39:00.663-05:00  INFO 22516 --- [backend] [main] org.hibernate.orm.core                   : HHH000489: No JTA platform available (set 'hibernate.transaction.jta.platform' to enable JTA platform integration)
2026-06-15T13:39:00.730-05:00  INFO 22516 --- [backend] [main] j.LocalContainerEntityManagerFactoryBean : Initialized JPA EntityManagerFactory for persistence unit 'default'
2026-06-15T13:39:00.778-05:00  INFO 22516 --- [backend] [main] o.s.d.j.r.query.QueryEnhancerFactories   : Hibernate is in classpath; If applicable, HQL parser will be used.
2026-06-15T13:39:00.925-05:00 DEBUG 22516 --- [backend] [main] c.e.b.config.JwtAuthenticationFilter     : Filter 'jwtAuthenticationFilter' configured for use
2026-06-15T13:39:01.526-05:00  INFO 22516 --- [backend] [main] eAuthenticationProviderManagerConfigurer : Global AuthenticationManager configured with AuthenticationProvider bean with name authenticationProvider
2026-06-15T13:39:01.526-05:00  WARN 22516 --- [backend] [main] r$InitializeUserDetailsManagerConfigurer : Global AuthenticationManager configured with an AuthenticationProvider bean. UserDetailsService beans will not be used by Spring Security for automatically configuring username/password login. Consider removing the AuthenticationProvider bean. Alternatively, consider using the UserDetailsService in a manually instantiated DaoAuthenticationProvider. If the current configuration is intentional, to turn off this warning, increase the logging level of 'org.springframework.security.config.annotation.authentication.configuration.InitializeUserDetailsBeanManagerConfigurer' to ERROR
2026-06-15T13:39:01.582-05:00  WARN 22516 --- [backend] [main] JpaBaseConfiguration$JpaWebConfiguration : spring.jpa.open-in-view is enabled by default. Therefore, database queries may be performed during view rendering. Explicitly configure spring.jpa.open-in-view to disable this warning
2026-06-15T13:39:02.201-05:00  INFO 22516 --- [backend] [main] o.s.boot.tomcat.TomcatWebServer          : Tomcat started on port 8080 (http) with context path '/'
2026-06-15T13:39:02.205-05:00  INFO 22516 --- [backend] [main] com.example.backend.BackendApplication   : Started BackendApplication in 5.114 seconds (process running for 5.665)
2026-06-15T13:39:47.643-05:00  INFO 22516 --- [backend] [http-nio-8080-exec-1] o.a.c.c.C.[Tomcat].[localhost].[/]       : Initializing Spring DispatcherServlet 'dispatcherServlet'
2026-06-15T13:39:47.643-05:00  INFO 22516 --- [backend] [http-nio-8080-exec-1] o.s.web.servlet.DispatcherServlet        : Initializing Servlet 'dispatcherServlet'
2026-06-15T13:39:47.645-05:00  INFO 22516 --- [backend] [http-nio-8080-exec-1] o.s.web.servlet.DispatcherServlet        : Completed initialization in 1 ms
2026-06-15T13:39:47.752-05:00 ERROR 22516 --- [backend] [http-nio-8080-exec-2] o.a.c.c.C.[.[.[/].[dispatcherServlet]    : Servlet.service() for servlet [dispatcherServlet] in context with path [] threw exception

io.jsonwebtoken.ExpiredJwtException: JWT expired at 2026-06-12T18:11:19Z. Current time: 2026-06-15T18:39:47Z, a difference of 260908751 milliseconds.  Allowed clock skew: 0 milliseconds.
	at io.jsonwebtoken.impl.DefaultJwtParser.parse(DefaultJwtParser.java:427) ~[jjwt-impl-0.11.5.jar:0.11.5]
	at io.jsonwebtoken.impl.DefaultJwtParser.parse(DefaultJwtParser.java:529) ~[jjwt-impl-0.11.5.jar:0.11.5]
	at io.jsonwebtoken.impl.DefaultJwtParser.parseClaimsJws(DefaultJwtParser.java:589) ~[jjwt-impl-0.11.5.jar:0.11.5]
	at io.jsonwebtoken.impl.ImmutableJwtParser.parseClaimsJws(ImmutableJwtParser.java:173) ~[jjwt-impl-0.11.5.jar:0.11.5]
	at com.example.backend.services.JwtService.extractAllClaims(JwtService.java:70) ~[classes/:na]
	at com.example.backend.services.JwtService.extractClaim(JwtService.java:31) ~[classes/:na]
	at com.example.backend.services.JwtService.extractUsername(JwtService.java:27) ~[classes/:na]
	at com.example.backend.config.JwtAuthenticationFilter.doFilterInternal(JwtAuthenticationFilter.java:41) ~[classes/:na]
	at org.springframework.web.filter.OncePerRequestFilter.doFilter(OncePerRequestFilter.java:116) ~[spring-web-7.0.6.jar:7.0.6]
	at org.springframework.security.web.FilterChainProxy$VirtualFilterChain.doFilter(FilterChainProxy.java:380) ~[spring-security-web-7.0.4.jar:7.0.4]
	at org.springframework.security.web.authentication.logout.LogoutFilter.doFilter(LogoutFilter.java:110) ~[spring-security-web-7.0.4.jar:7.0.4]
	at org.springframework.security.web.authentication.logout.LogoutFilter.doFilter(LogoutFilter.java:96) ~[spring-security-web-7.0.4.jar:7.0.4]
	at org.springframework.security.web.FilterChainProxy$VirtualFilterChain.doFilter(FilterChainProxy.java:380) ~[spring-security-web-7.0.4.jar:7.0.4]
	at org.springframework.web.filter.CorsFilter.doFilterInternal(CorsFilter.java:91) ~[spring-web-7.0.6.jar:7.0.6]
	at org.springframework.web.filter.OncePerRequestFilter.doFilter(OncePerRequestFilter.java:116) ~[spring-web-7.0.6.jar:7.0.6]
	at org.springframework.security.web.FilterChainProxy$VirtualFilterChain.doFilter(FilterChainProxy.java:380) ~[spring-security-web-7.0.4.jar:7.0.4]
	at org.springframework.security.web.header.HeaderWriterFilter.doHeadersAfter(HeaderWriterFilter.java:90) ~[spring-security-web-7.0.4.jar:7.0.4]
	at org.springframework.security.web.header.HeaderWriterFilter.doFilterInternal(HeaderWriterFilter.java:75) ~[spring-security-web-7.0.4.jar:7.0.4]
	at org.springframework.web.filter.OncePerRequestFilter.doFilter(OncePerRequestFilter.java:116) ~[spring-web-7.0.6.jar:7.0.6]
	at org.springframework.security.web.FilterChainProxy$VirtualFilterChain.doFilter(FilterChainProxy.java:380) ~[spring-security-web-7.0.4.jar:7.0.4]
	at org.springframework.security.web.context.SecurityContextHolderFilter.doFilter(SecurityContextHolderFilter.java:82) ~[spring-security-web-7.0.4.jar:7.0.4]
	at org.springframework.security.web.context.SecurityContextHolderFilter.doFilter(SecurityContextHolderFilter.java:69) ~[spring-security-web-7.0.4.jar:7.0.4]
	at org.springframework.security.web.FilterChainProxy$VirtualFilterChain.doFilter(FilterChainProxy.java:380) ~[spring-security-web-7.0.4.jar:7.0.4]
	at org.springframework.security.web.context.request.async.WebAsyncManagerIntegrationFilter.doFilterInternal(WebAsyncManagerIntegrationFilter.java:62) ~[spring-security-web-7.0.4.jar:7.0.4]
	at org.springframework.web.filter.OncePerRequestFilter.doFilter(OncePerRequestFilter.java:116) ~[spring-web-7.0.6.jar:7.0.6]
	at org.springframework.security.web.FilterChainProxy$VirtualFilterChain.doFilter(FilterChainProxy.java:380) ~[spring-security-web-7.0.4.jar:7.0.4]
	at org.springframework.security.web.session.DisableEncodeUrlFilter.doFilterInternal(DisableEncodeUrlFilter.java:42) ~[spring-security-web-7.0.4.jar:7.0.4]
	at org.springframework.web.filter.OncePerRequestFilter.doFilter(OncePerRequestFilter.java:116) ~[spring-web-7.0.6.jar:7.0.6]
	at org.springframework.security.web.FilterChainProxy$VirtualFilterChain.doFilter(FilterChainProxy.java:380) ~[spring-security-web-7.0.4.jar:7.0.4]
	at org.springframework.security.web.FilterChainProxy.doFilterInternal(FilterChainProxy.java:237) ~[spring-security-web-7.0.4.jar:7.0.4]
	at org.springframework.security.web.FilterChainProxy.doFilter(FilterChainProxy.java:195) ~[spring-security-web-7.0.4.jar:7.0.4]
	at org.springframework.web.filter.CompositeFilter$VirtualFilterChain.doFilter(CompositeFilter.java:113) ~[spring-web-7.0.6.jar:7.0.6]
	at org.springframework.web.filter.ServletRequestPathFilter.doFilter(ServletRequestPathFilter.java:52) ~[spring-web-7.0.6.jar:7.0.6]
	at org.springframework.web.filter.CompositeFilter$VirtualFilterChain.doFilter(CompositeFilter.java:113) ~[spring-web-7.0.6.jar:7.0.6]
	at org.springframework.web.filter.CompositeFilter.doFilter(CompositeFilter.java:74) ~[spring-web-7.0.6.jar:7.0.6]
	at org.springframework.security.config.annotation.web.configuration.WebSecurityConfiguration$CompositeFilterChainProxy.doFilter(WebSecurityConfiguration.java:317) ~[spring-security-config-7.0.4.jar:7.0.4]
	at org.springframework.web.filter.DelegatingFilterProxy.invokeDelegate(DelegatingFilterProxy.java:355) ~[spring-web-7.0.6.jar:7.0.6]
	at org.springframework.web.filter.DelegatingFilterProxy.doFilter(DelegatingFilterProxy.java:272) ~[spring-web-7.0.6.jar:7.0.6]
	at org.apache.catalina.core.ApplicationFilterChain.doFilter(ApplicationFilterChain.java:107) ~[tomcat-embed-core-11.0.20.jar:11.0.20]
	at org.springframework.web.filter.RequestContextFilter.doFilterInternal(RequestContextFilter.java:100) ~[spring-web-7.0.6.jar:7.0.6]
	at org.springframework.web.filter.OncePerRequestFilter.doFilter(OncePerRequestFilter.java:116) ~[spring-web-7.0.6.jar:7.0.6]
	at org.apache.catalina.core.ApplicationFilterChain.doFilter(ApplicationFilterChain.java:107) ~[tomcat-embed-core-11.0.20.jar:11.0.20]
	at org.springframework.web.filter.FormContentFilter.doFilterInternal(FormContentFilter.java:93) ~[spring-web-7.0.6.jar:7.0.6]
	at org.springframework.web.filter.OncePerRequestFilter.doFilter(OncePerRequestFilter.java:116) ~[spring-web-7.0.6.jar:7.0.6]
	at org.apache.catalina.core.ApplicationFilterChain.doFilter(ApplicationFilterChain.java:107) ~[tomcat-embed-core-11.0.20.jar:11.0.20]
	at org.springframework.web.filter.CharacterEncodingFilter.doFilterInternal(CharacterEncodingFilter.java:199) ~[spring-web-7.0.6.jar:7.0.6]
	at org.springframework.web.filter.OncePerRequestFilter.doFilter(OncePerRequestFilter.java:116) ~[spring-web-7.0.6.jar:7.0.6]
	at org.apache.catalina.core.ApplicationFilterChain.doFilter(ApplicationFilterChain.java:107) ~[tomcat-embed-core-11.0.20.jar:11.0.20]
	at org.apache.catalina.core.StandardWrapperValve.invoke(StandardWrapperValve.java:165) ~[tomcat-embed-core-11.0.20.jar:11.0.20]
	at org.apache.catalina.core.StandardContextValve.invoke(StandardContextValve.java:77) ~[tomcat-embed-core-11.0.20.jar:11.0.20]
	at org.apache.catalina.authenticator.AuthenticatorBase.invoke(AuthenticatorBase.java:492) ~[tomcat-embed-core-11.0.20.jar:11.0.20]
	at org.apache.catalina.core.StandardHostValve.invoke(StandardHostValve.java:113) ~[tomcat-embed-core-11.0.20.jar:11.0.20]
	at org.apache.catalina.valves.ErrorReportValve.invoke(ErrorReportValve.java:83) ~[tomcat-embed-core-11.0.20.jar:11.0.20]
	at org.apache.catalina.core.StandardEngineValve.invoke(StandardEngineValve.java:72) ~[tomcat-embed-core-11.0.20.jar:11.0.20]
	at org.apache.catalina.connector.CoyoteAdapter.service(CoyoteAdapter.java:341) ~[tomcat-embed-core-11.0.20.jar:11.0.20]
	at org.apache.coyote.http11.Http11Processor.service(Http11Processor.java:397) ~[tomcat-embed-core-11.0.20.jar:11.0.20]
	at org.apache.coyote.AbstractProcessorLight.process(AbstractProcessorLight.java:63) ~[tomcat-embed-core-11.0.20.jar:11.0.20]
	at org.apache.coyote.AbstractProtocol$ConnectionHandler.process(AbstractProtocol.java:903) ~[tomcat-embed-core-11.0.20.jar:11.0.20]
	at org.apache.tomcat.util.net.NioEndpoint$SocketProcessor.doRun(NioEndpoint.java:1779) ~[tomcat-embed-core-11.0.20.jar:11.0.20]
	at org.apache.tomcat.util.net.SocketProcessorBase.run(SocketProcessorBase.java:52) ~[tomcat-embed-core-11.0.20.jar:11.0.20]
	at org.apache.tomcat.util.threads.ThreadPoolExecutor.runWorker(ThreadPoolExecutor.java:946) ~[tomcat-embed-core-11.0.20.jar:11.0.20]
	at org.apache.tomcat.util.threads.ThreadPoolExecutor$Worker.run(ThreadPoolExecutor.java:480) ~[tomcat-embed-core-11.0.20.jar:11.0.20]
	at org.apache.tomcat.util.threads.TaskThread$WrappingRunnable.run(TaskThread.java:57) ~[tomcat-embed-core-11.0.20.jar:11.0.20]
	at java.base/java.lang.Thread.run(Thread.java:1583) ~[na:na]

2026-06-15T14:24:18.440-05:00  INFO 20820 --- [backend] [main] com.example.backend.BackendApplication   : Starting BackendApplication using Java 21.0.6 with PID 20820 (D:\repositorios\proyecto_ceramica_backend\target\classes started by efrai in D:\repositorios\proyecto_ceramica_backend)
2026-06-15T14:24:18.443-05:00 DEBUG 20820 --- [backend] [main] com.example.backend.BackendApplication   : Running with Spring Boot v4.0.5, Spring v7.0.6
2026-06-15T14:24:18.444-05:00  INFO 20820 --- [backend] [main] com.example.backend.BackendApplication   : No active profile set, falling back to 1 default profile: "default"
2026-06-15T14:24:19.011-05:00  INFO 20820 --- [backend] [main] .s.d.r.c.RepositoryConfigurationDelegate : Bootstrapping Spring Data JPA repositories in DEFAULT mode.
2026-06-15T14:24:19.053-05:00  INFO 20820 --- [backend] [main] .s.d.r.c.RepositoryConfigurationDelegate : Finished Spring Data repository scanning in 35 ms. Found 6 JPA repository interfaces.
2026-06-15T14:24:19.467-05:00  INFO 20820 --- [backend] [main] o.s.boot.tomcat.TomcatWebServer          : Tomcat initialized with port 8080 (http)
2026-06-15T14:24:19.478-05:00  INFO 20820 --- [backend] [main] o.apache.catalina.core.StandardService   : Starting service [Tomcat]
2026-06-15T14:24:19.478-05:00  INFO 20820 --- [backend] [main] o.apache.catalina.core.StandardEngine    : Starting Servlet engine: [Apache Tomcat/11.0.20]
2026-06-15T14:24:19.520-05:00  INFO 20820 --- [backend] [main] b.w.c.s.WebApplicationContextInitializer : Root WebApplicationContext: initialization completed in 1032 ms
2026-06-15T14:24:19.571-05:00  INFO 20820 --- [backend] [main] com.zaxxer.hikari.HikariDataSource       : HikariPool-1 - Starting...
2026-06-15T14:24:19.878-05:00  INFO 20820 --- [backend] [main] com.zaxxer.hikari.pool.HikariPool        : HikariPool-1 - Added connection com.mysql.cj.jdbc.ConnectionImpl@54489296
2026-06-15T14:24:19.879-05:00  INFO 20820 --- [backend] [main] com.zaxxer.hikari.HikariDataSource       : HikariPool-1 - Start completed.
2026-06-15T14:24:19.958-05:00  INFO 20820 --- [backend] [main] org.hibernate.orm.jpa                    : HHH008540: Processing PersistenceUnitInfo [name: default]
2026-06-15T14:24:20.006-05:00  INFO 20820 --- [backend] [main] org.hibernate.orm.core                   : HHH000001: Hibernate ORM core version 7.2.7.Final
2026-06-15T14:24:20.454-05:00  INFO 20820 --- [backend] [main] o.s.o.j.p.SpringPersistenceUnitInfo      : No LoadTimeWeaver setup: ignoring JPA class transformer
2026-06-15T14:24:20.553-05:00  INFO 20820 --- [backend] [main] org.hibernate.orm.connections.pooling    : HHH10001005: Database info:
	Database JDBC URL [jdbc:mysql://localhost:3306/ceramic_store_db?createDatabaseIfNotExist=true]
	Database driver: MySQL Connector/J
	Database dialect: MySQLDialect
	Database version: 8.0.41
	Default catalog/schema: ceramic_store_db/undefined
	Autocommit mode: undefined/unknown
	Isolation level: REPEATABLE_READ [default REPEATABLE_READ]
	JDBC fetch size: none
	Pool: DataSourceConnectionProvider
	Minimum pool size: undefined/unknown
	Maximum pool size: undefined/unknown
2026-06-15T14:24:21.279-05:00  INFO 20820 --- [backend] [main] org.hibernate.orm.core                   : HHH000489: No JTA platform available (set 'hibernate.transaction.jta.platform' to enable JTA platform integration)
2026-06-15T14:24:21.367-05:00  INFO 20820 --- [backend] [main] j.LocalContainerEntityManagerFactoryBean : Initialized JPA EntityManagerFactory for persistence unit 'default'
2026-06-15T14:24:21.406-05:00  INFO 20820 --- [backend] [main] o.s.d.j.r.query.QueryEnhancerFactories   : Hibernate is in classpath; If applicable, HQL parser will be used.
2026-06-15T14:24:21.527-05:00 DEBUG 20820 --- [backend] [main] c.e.b.config.JwtAuthenticationFilter     : Filter 'jwtAuthenticationFilter' configured for use
2026-06-15T14:24:22.067-05:00  INFO 20820 --- [backend] [main] eAuthenticationProviderManagerConfigurer : Global AuthenticationManager configured with AuthenticationProvider bean with name authenticationProvider
2026-06-15T14:24:22.067-05:00  WARN 20820 --- [backend] [main] r$InitializeUserDetailsManagerConfigurer : Global AuthenticationManager configured with an AuthenticationProvider bean. UserDetailsService beans will not be used by Spring Security for automatically configuring username/password login. Consider removing the AuthenticationProvider bean. Alternatively, consider using the UserDetailsService in a manually instantiated DaoAuthenticationProvider. If the current configuration is intentional, to turn off this warning, increase the logging level of 'org.springframework.security.config.annotation.authentication.configuration.InitializeUserDetailsBeanManagerConfigurer' to ERROR
2026-06-15T14:24:22.136-05:00  WARN 20820 --- [backend] [main] JpaBaseConfiguration$JpaWebConfiguration : spring.jpa.open-in-view is enabled by default. Therefore, database queries may be performed during view rendering. Explicitly configure spring.jpa.open-in-view to disable this warning
2026-06-15T14:24:22.619-05:00  INFO 20820 --- [backend] [main] o.s.boot.tomcat.TomcatWebServer          : Tomcat started on port 8080 (http) with context path '/'
2026-06-15T14:24:22.623-05:00  INFO 20820 --- [backend] [main] com.example.backend.BackendApplication   : Started BackendApplication in 4.488 seconds (process running for 4.937)
2026-06-15T14:24:41.409-05:00  INFO 20820 --- [backend] [http-nio-8080-exec-1] o.a.c.c.C.[Tomcat].[localhost].[/]       : Initializing Spring DispatcherServlet 'dispatcherServlet'
2026-06-15T14:24:41.410-05:00  INFO 20820 --- [backend] [http-nio-8080-exec-1] o.s.web.servlet.DispatcherServlet        : Initializing Servlet 'dispatcherServlet'
2026-06-15T14:24:41.411-05:00  INFO 20820 --- [backend] [http-nio-8080-exec-1] o.s.web.servlet.DispatcherServlet        : Completed initialization in 1 ms
